,phone name,date,username,tweet,language,replies_count,retweets_count,likes_count,hashtags,link
0,realme c11 2021.csv,2021-10-31,flipkartsupport," Sorry for the experience. We'll surely help you out. Could you please confirm if you're referring to the product 'realme C11 2021 (Cool Blue, 64 GB)' so that we can look into it and assist you accordingly?  Awaiting your response. (1/2)",en,1,0,0,[],https://twitter.com/flipkartsupport/status/1454624166062084097
1,realme c11 2021.csv,2021-10-23,realmecarein," Hi Ravinder, we would like to inform you that realme C11 2021 does not support clone app feature. Thanks for understanding. Further, if you have any query feel free to contact us again.",en,1,0,0,[],https://twitter.com/realmecareIN/status/1451857462919843844
2,realme c11 2021.csv,2021-10-13,flipkartsupport," However, the product realme C11 2021 (Cool Blue, 32 GB) will be delivered on October 18, 2021 and the product realme C11 2021 (Cool Grey, 32 GB) on October 14, 2021.Your patience is much appreciated. ^JM (2/2)  ",en,1,0,0,[],https://twitter.com/flipkartsupport/status/1448265184766840834
3,realme c11 2021.csv,2021-10-10,flipkartsupport," We understand your concern about the delivery of your order. We would like to inform you that your product ""Realme C11 2021 (Cool Blue, 64 GB)"" is moving as per the schedule and will be delivered by October 10, 2021. Appreciate your patience. (1/2)",en,1,0,0,[],https://twitter.com/flipkartsupport/status/1447058962671554564
4,samsung galaxy a21s.csv,2021-10-25,xdadevelopers,"Kick off your Monday with Android 12 custom ROMs, because why not.  ROMs now available for:  * Motorola Moto G5S * Nokia 8 * Realme 6 Pro * Realme C3 * Samsung Galaxy A10 * Samsung Galaxy A20/A20e * Samsung Galaxy A21s * Samsung Galaxy A30 cont.   ",en,12,21,227,[],https://twitter.com/xdadevelopers/status/1452510440920027137
5,oppo f17 pro.csv,2021-11-07,colorosglobal," Stay tuned for further batches of updates for OPPO F17 Pro, Anoop! We will be sharing more details soon!",en,0,0,0,[],https://twitter.com/colorosglobal/status/1457301575576211460
6,oppo f17 pro.csv,2021-10-21,oppocarein," Hi Allauddin, please be informed that the ColorOS 12 update for OPPO F17 Pro will release in the first half of 2022. Please stay tuned to our social media channels for further updates. Thank you!",en,0,0,0,[],https://twitter.com/OPPOCareIN/status/1451022571378393098
7,oppo f17 pro.csv,2021-10-11,oppocarein," Hey Allauddin, any information regarding the Android 12 update for OPPO F17 Pro is currently unavailable. Please stay tuned to our social media channels for further announcements regarding the same.",en,0,0,0,[],https://twitter.com/OPPOCareIN/status/1447487575892004868
8,oppo f17 pro.csv,2021-09-29,colorosglobal," The official version of ColorOS 11 has already been released for OPPO F17 Pro in India, Shaikh. Kindly go to Settings &gt; Software Update to get the update!",en,0,0,0,[],https://twitter.com/colorosglobal/status/1443074973527064576
9,oppo f17 pro.csv,2021-09-08,oppocarein," Hey Azharuddin, please be informed that currently, no information is available regarding the Android 12 update for OPPO F17 Pro. We request you to kindly stay tuned to our social media channels for further updates on the same.",en,0,0,0,[],https://twitter.com/OPPOCareIN/status/1435535121935998982
10,oppo f17 pro.csv,2021-09-07,oppocarein," Hi there, please be informed that the original charger for OPPO F17 Pro would cost you ‚Çπ1,190/- and only USB cable would cost you ‚Çπ490/-. Kindly visit our service center to purchase the same. To find out the real-time status of our service center, connect with our OLLIE (1/2)",en,2,0,0,[],https://twitter.com/OPPOCareIN/status/1435187547823648769
11,oppo f17 pro.csv,2021-07-30,oppocarein," Hi Mahinder, we do not want you to feel this way. Please be informed that auto call recording can be done in OPPO F17 Pro by following the steps here:   Do let us know if you have any other queries or concerns.",en,0,0,0,[],https://twitter.com/OPPOCareIN/status/1420963734306967556
12,oppo f17 pro.csv,2021-07-05,oppocarein," Hi Mehtab, please be informed that any information regarding the Android 12 update for OPPO F17 Pro is currently unavailable. Request you to kindly stay tuned. Thank you!",en,0,0,1,[],https://twitter.com/OPPOCareIN/status/1411876378878767106
13,oppo f17 pro.csv,2021-07-03,oppocarein," Hi Vemula, please be informed that any information regarding the ColorOS 12 update for OPPO F17 Pro is currently unavailable. Also, kindly tap on the link below so that we can assist you with the call recording issue.  ",en,0,0,1,[],https://twitter.com/OPPOCareIN/status/1411154068391661574
14,oppo f17 pro.csv,2021-06-22,oppocarein," We are so happy to know about your amazing experience with the OPPO F17 Pro, Ravi. üòç Your wonderful compliments have pushed us to work harder and motivated the entire team to deliver only the best cause that's what our customers deserve. ‚ù§Ô∏è ",en,1,0,1,['oppolove'],https://twitter.com/OPPOCareIN/status/1407188685238456322
15,oppo f17 pro.csv,2021-06-19,oppocarein, Please be informed that any information regarding the Android 12 update for OPPO F17 Pro is currently unavailable. Kindly stay tuned to our social media channels for further announcements. Thank you.,en,0,0,0,[],https://twitter.com/OPPOCareIN/status/1406115301020819458
16,oppo f17 pro.csv,2021-06-15,oppocarein," As conveyed to you earlier, OPPO F17 Pro does not support carrier aggregation.",en,1,0,0,[],https://twitter.com/OPPOCareIN/status/1404742144481505281
17,oppo f17 pro.csv,2021-06-10,colorosglobal," The Mediatek Chipset of OPPO F17 Pro can support Carrier Aggregation, however, you would need to confirm the same with your carrier. We appreciate you checking in with us!",en,2,0,0,[],https://twitter.com/colorosglobal/status/1402947234895966215
18,oppo f17 pro.csv,2021-06-01,oppopakistan,"Enjoy Ultra functions at an Ultra discount!  is now available at a discounted price of PKR 44,999.  Loaded with: üîπ7.48 mm Ultra-sleek Design üîπ6 AI Portrait Cameras üîπ30W VOOC Flash Charge  Get yours now to have the ultimate fun!! Know more:    ",en,3,3,38,['oppof17pro'],https://twitter.com/OPPOPakistan/status/1399648573483110400
19,oppo f17 pro.csv,2021-05-31,oppocarein," As conveyed to you earlier, OPPO F17 Pro does not support carrier aggregation.",en,0,0,0,[],https://twitter.com/OPPOCareIN/status/1399210650568626178
20,oppo f17 pro.csv,2021-05-31,oppocarein," Hello, please be informed that OPPO F17 Pro does not support carrier aggregation. Please feel free to reach out to us in case of any other queries.",en,1,0,0,[],https://twitter.com/OPPOCareIN/status/1399200376398749698
21,oppo f17 pro.csv,2021-05-27,colorosglobal," Please go to Settings &gt; Software Update to get the update. The official version for OPPO F17 Pro has been released in India. If update can't be detected, please send us a DM with your phone IMEI code, region, and current ColorOS version so we can check.   ",en,0,0,1,[],https://twitter.com/colorosglobal/status/1397816374785974272
22,oppo f17 pro.csv,2021-05-24,tech2eets,". releases Android 11 based ColorOS 11 for Oppo F17 Pro, Oppo Find X2 and more.   ",en,0,0,1,[],https://twitter.com/tech2eets/status/1396783566097248260
23,samsung galaxy m12.csv,2021-10-28,axiom_uae,Great idea for a gift and very affordable this weekend with Samsung Week offers üòç  Get your hands on the sleek style of Galaxy M12.  Shop now ‚û°          ,en,0,0,0,"['samsung', 'galaxy', 'samsungweek', 'm12', 'axiomuae']",https://twitter.com/axiom_uae/status/1453657429569310721
24,samsung galaxy m12.csv,2021-10-19,desi_dime,"Samsung Galaxy M12 for Rs.10,349ü§©üëáüèª    (6GB RAM, 128GB Storage)   6 Months Free Screen Replacement for Prime ü§©         ",en,0,0,1,"['amazongreatindianfestival', 'mobileoffers', 'samsungindia', 'diwali2021', 'diwalisale', 'onlineshopping']",https://twitter.com/desi_dime/status/1450409513928986631
25,samsung galaxy m12.csv,2021-10-18,amazonin,Congratulations  and  on winning the Samsung Galaxy M12!  Kindly DM us with your details to claim the prize.    ,en,82,57,363,"['amazongreatindianfestival', 'samsunggalaxym12onamazon']",https://twitter.com/amazonIN/status/1450059831763554310
26,samsung galaxy m12.csv,2021-10-04,amazonin,How well do you know the Samsung Galaxy M12? Take a screenshot when the right camera specification appears and send it to us with  and  to stand a chance to win. Hurry! Contest ends at 2:00 pm today  ,en,2210,1254,1731,"['amazongreatindianfestival', 'samsunggalaxym12onamazon']",https://twitter.com/amazonIN/status/1444868319018815501
27,samsung galaxy m12.csv,2021-09-07,91mobiles,Samsung Galaxy M12 and Galaxy F12 prices in India hiked by Rs 500  ,en,0,5,61,[],https://twitter.com/91mobiles/status/1435218780846637060
28,samsung galaxy m12.csv,2021-08-19,gadgetsnow,Samsung Galaxy A03s vs Samsung Galaxy M12: How the two budget Samsung smartphones compare   ,en,0,0,2,[],https://twitter.com/gadgetsnow/status/1428408924978311168
29,samsung galaxy m12.csv,2021-08-19,timesofindia,Samsung Galaxy A03s vs Samsung Galaxy M12: How the two budget Samsung smartphones compare   via ,en,0,0,9,[],https://twitter.com/timesofindia/status/1428302916855627777
30,samsung galaxy m12.csv,2021-08-12,timesofindia,Samsung Galaxy A12 vs Galaxy M12: A comparison    via   ,en,1,2,17,[],https://twitter.com/timesofindia/status/1425808304920432641
31,samsung galaxy m12.csv,2021-07-21,amazonhelp," Sorry to know that 'Samsung Galaxy M12' isn't available on our website for purchase. We can't predict exactly how long it'll take to obtain the stock of the item. Kindly stay tuned and keep checking for the item on our website, once it is available you can purchase it. -Trevor",en,1,0,0,[],https://twitter.com/AmazonHelp/status/1417714398089646082
32,samsung galaxy m12.csv,2021-07-07,gadgets360,Samsung Galaxy M12 and Galaxy A12s could be the company's next smartphones  ,en,0,2,12,[],https://twitter.com/Gadgets360/status/1412707461069373442
33,oppo f19 pro.csv,2021-11-05,colorosglobal," Updates for OPPO F19 Pro+ will begin in December. Stay connected for more news and updates, Dadason.",en,0,0,0,[],https://twitter.com/colorosglobal/status/1456478919280955392
34,oppo f19 pro.csv,2021-11-01,colorosglobal," Thanks for your interest in ColorOS 12, Kaustubh! Your OPPO F19 Pro+ should get the ColorOS 12 update starting December 2021 üòä",en,1,0,1,[],https://twitter.com/colorosglobal/status/1454985690253516811
35,oppo f19 pro.csv,2021-10-27,oppocarein," Hey there, kindly note that the ColorOS 12 update for OPPO F19 Pro Plus will be rolled out in batches from December 2021. You'll be notified on your device once the update is available. Kindly stay tuned to our social media channels for future updates",en,0,0,1,[],https://twitter.com/OPPOCareIN/status/1453231281991454720
36,oppo f19 pro.csv,2021-10-25,oppocarein," Hey Nitthu, please be informed that the ColorOS 12 beta update for OPPO F19 Pro Plus will be rolled out in batches from December 2021. Kindly stay tuned to our social media channels for further updates.",en,1,0,1,[],https://twitter.com/OPPOCareIN/status/1452606236948516864
37,oppo f19 pro.csv,2021-10-23,colorosglobal," Thanks for reaching out, Avk! The Beta for ColorOS 12 will be available to your OPPO F19 Pro by the first half of 2022 üòÅ",en,0,0,1,[],https://twitter.com/colorosglobal/status/1451852047138054147
38,oppo f19 pro.csv,2021-10-23,oppocarein," Yes, Gourab. We'd like to inform you that the OPPO F19 Pro+ 5G supports carrier aggregation. Thank you.",en,0,0,1,[],https://twitter.com/OPPOCareIN/status/1451795697955532803
39,oppo f19 pro.csv,2021-10-21,oppocarein," Hey Gourab, kindly note that the ColorOS 12 update for OPPO F19 Pro Plus will be rolled out in batches from December 2021. You'll be notified on your device once the update is available. Kindly stay tuned to our social media channels for future updates.",en,0,0,0,[],https://twitter.com/OPPOCareIN/status/1451133473293410311
40,oppo f19 pro.csv,2021-10-17,colorosglobal," The beta will be available to your OPPO F19 Pro+ 5G on December 2021, Tonyloki! üòä",en,1,1,1,[],https://twitter.com/colorosglobal/status/1449620867189809152
41,oppo f19 pro.csv,2021-10-15,oppocarein," Hi Arzan, please be informed that OPPO F19 Pro+ supports n77/n78/n41, 5G bands. Feel free to reach out to us in case of any other queries.",en,1,0,0,[],https://twitter.com/OPPOCareIN/status/1448957644060782605
42,oppo f19 pro.csv,2021-10-15,colorosglobal," Hey there, Dadason! Check out the rollout plan for OPPO F19+ Pro here:  ",en,0,1,1,[],https://twitter.com/colorosglobal/status/1448925803589287941
43,oppo f19 pro.csv,2021-10-13,oppocarein," Hey Gourab, please be informed that ColorOS 12 update for OPPO F19 Pro+ will be rolled out in batches from December 2021. You'll be notified on your device once the update is available. Kindly stay tuned to our social media channels for future updates.",en,0,0,1,[],https://twitter.com/OPPOCareIN/status/1448230163435511808
44,oppo f19 pro.csv,2021-10-13,colorosglobal," The ColorOS 12 Beta timeline for your OPPO F19 Pro is scheduled for the first half of 2022, Patel!  You can check out the rollout plan here:  ",en,0,0,0,[],https://twitter.com/colorosglobal/status/1448204234273480707
45,oppo f19 pro.csv,2021-10-12,oppocarein," Hey Vishal, please be informed that Android 12 update for OPPO F19 Pro will be rolled out in batches from January 2022. Kindly stay tuned to our social media channels for future updates.",en,0,0,0,[],https://twitter.com/OPPOCareIN/status/1447817165130776577
46,oppo f19 pro.csv,2021-10-06,colorosglobal, We're glad to see your interest! Learn more about OPPO F19 Pro+ &amp; all other available devices in your region at our website   Stay up to date with us here! üôÇ,en,0,0,1,[],https://twitter.com/colorosglobal/status/1445671910319083520
47,oppo f19 pro.csv,2021-09-29,oppocarein," Hello Gourab, we'd like to inform you that customization of the Always on Display feature is currently unavailable in OPPO F19 Pro+. However, we have duly noted it as feedback and will surely share it with our team for future considerations.",en,1,0,2,[],https://twitter.com/OPPOCareIN/status/1443108521302626307
48,oppo f19 pro.csv,2021-09-21,xdadevelopers,"These are the Best Oppo phones in India right now: Reno 6, F19 Pro+, and more!  ",en,1,2,59,[],https://twitter.com/xdadevelopers/status/1440171723043717123
49,oppo f19 pro.csv,2021-09-17,oppocarein," We hear you, Arjit. Please be informed that the customization of the Always on Display feature is currently unavailable in OPPO F19 Pro+ 5G. However, we have duly noted your feedback regarding the same and will surely share it with our team for future considerations.",en,0,0,5,[],https://twitter.com/OPPOCareIN/status/1438712476472954882
50,oppo f19 pro.csv,2021-09-17,colorosglobal," Hey there, Naresh! You can find out the most updated software version for OPPO F19 Pro by going to Settings &gt; Software Update. Stay connected for further announcements!",en,0,0,1,[],https://twitter.com/colorosglobal/status/1438704216919400451
51,oppo a16.csv,2021-11-08,dailysocial,OPPO A16 Menawarkan Fitur Private Safe dan Kid Space.  ,en,0,0,0,[],https://twitter.com/dailysocial/status/1457641597198348292
52,oppo a16.csv,2021-10-27,oppophilippines,The OPPO A16 comes in a gorgeous selection of colors! Which one is your favorite?,en,4,2,16,[],https://twitter.com/OPPOPhilippines/status/1453180807170781191
53,oppo a16.csv,2021-10-15,technicalguruji,I Wasted My Money On this Sh*tTy Golden Phone Ft.Oppo A16üî•üî•üî•   via ,en,90,81,1628,[],https://twitter.com/TechnicalGuruji/status/1448981796771696645
54,oppo a16.csv,2021-10-14,oppocarein," Hi Subrat, please be informed that OPPO A16 is a 4G device. You can visit this link:   to know more. üòä",en,0,0,1,[],https://twitter.com/OPPOCareIN/status/1448537913831030785
55,apple iphone 13 mini.csv,2021-11-08,gadgets360,"Apple iPhone 13, iPhone 13 mini review: Should you upgrade?   ",en,0,2,24,[],https://twitter.com/Gadgets360/status/1457762342276681737
56,apple iphone 13 mini.csv,2021-11-08,gadgets360,"Apple iPhone 13, iPhone 13 mini review: Should you upgrade?  ",en,0,1,14,[],https://twitter.com/Gadgets360/status/1457652954480013313
57,apple iphone 13 mini.csv,2021-11-07,gadgets360,"Apple iPhone 13, iPhone 13 mini review - Should you upgrade?  ",en,1,4,25,[],https://twitter.com/Gadgets360/status/1457395528807837696
58,apple iphone 13 mini.csv,2021-11-07,gadgets360,"Apple iPhone 13, iPhone 13 mini review - Should you upgrade?  ",en,0,1,22,[],https://twitter.com/Gadgets360/status/1457173459931484160
59,apple iphone 13 mini.csv,2021-11-06,gadgets360,"Apple iPhone 13, iPhone 13 mini review - Should you upgrade?  ",en,1,2,19,[],https://twitter.com/Gadgets360/status/1456965798052786178
60,apple iphone 13 mini.csv,2021-10-30,otterbox," Unfortunately, we don't have any intel on the potential for Otter + Pop for iPhone 13 mini at this point, but keep checking back at   for product updates! And, no, the ones for iPhone 12 mini definitely won't work with Apple's latest and greatest.",en,1,0,0,[],https://twitter.com/OtterBox/status/1454215505062023168
61,apple iphone 13 mini.csv,2021-10-29,phonesoldier,"I don't know how Apple pulled this off.   The iPhone 13 mini after a day of use still has 50% left with over 4 hours of screen on time. The battery is bigger, I know but I wasn't expecting such a major upgrade given it's only 7g heavier.  My 12 mini barely lasts till evening.  ",en,3,1,4,[],https://twitter.com/phonesoldier/status/1454128290659143683
62,apple iphone 13 mini.csv,2021-10-29,cosmopolitanuk,Apple iPhone 13 mini: Our verdict on the iPhone that *finally* fits in your pocket  ,en,0,2,2,[],https://twitter.com/CosmopolitanUK/status/1454068517653864449
63,vivo y33s.csv,2021-11-05,thecableng,PROMOTED: Vivo Y33s gives you ultimate photography and an entertaining user experience | TheCable    ,en,0,1,3,[],https://twitter.com/thecableng/status/1456562854803480576
64,vivo y33s.csv,2021-11-04,vivopakistan," Hello, vivo Y33s has Helio G80 Chipset Funtouch OS 11.1 (based on Android 11)  Check complete specs here:  ",en,0,0,1,[],https://twitter.com/vivopakistan/status/1456210933861154819
65,vivo y33s.csv,2021-11-02,vivo_phil,"Even our friendly Halloween creatures can‚Äôt hide with vivo Y33s‚Äô AI Night Photography! Have fun catching them with the latest RAW-level super noise reduction technology that combines multiple frames into one!  Order in-store or online for P12,999 before they catch you!  ",en,1,2,15,[],https://twitter.com/Vivo_Phil/status/1455489870797885445
66,vivo y33s.csv,2021-11-01,vivopakistan," Hello, vivo Y33s has 8GB + 4GB Extended RAM &amp; 128GB Internal Memory (Expandable to 1TB)  Check complete specs here:  ",en,0,0,0,[],https://twitter.com/vivopakistan/status/1455061587929141249
67,vivo y33s.csv,2021-10-28,httech,".  has just announced festive season discounts on some of its top smartphones including,  series,  series,  and the . Check offers.    ",en,0,1,9,"['vivox70', 'vivov21', 'vivoy73', 'vivoy33s']",https://twitter.com/HTTech/status/1453691495391772677
68,vivo y33s.csv,2021-10-27,vivo_phil,"Y deal with downtime? Power through with vivo Y33s‚Äô 5000mAh battery + 18W Fast Charge! Enjoy large battery capacity, efficient energy management, and share the fun with reverse charging function that turns your phone into a mobile power bank!  Order yours now for P12,999!  ",en,2,0,6,[],https://twitter.com/Vivo_Phil/status/1453209844706594816
69,vivo y33s.csv,2021-10-26,cnnphilippines,"The new vivo Y33s lands in stores nationwide bringing with it its massive 50MP main camera so users can take beautiful photos anytime, anywhere.    ",en,0,0,2,[],https://twitter.com/cnnphilippines/status/1452954600021979136
70,vivo y33s.csv,2021-10-25,vivopakistan," Hello, please check complete specs of vivo Y33s here:  ",en,1,0,3,[],https://twitter.com/vivopakistan/status/1452515667966521344
71,vivo y33s.csv,2021-10-25,vivo_phil,"Y go slow? Speed up and do more with vivo Y33s‚Äô 8GB + 4GB Extended RAM plus 128GB ROM! Now you can run and download heavy apps while multi-tasking smoothly.  Order yours now for P12,999!  Shopee:   Lazada:       ",en,0,4,11,"['vivoy33s', 'focusonthemoment']",https://twitter.com/Vivo_Phil/status/1452485066999820288
72,vivo y33s.csv,2021-10-22,vivo_phil,"Y miss life‚Äôs moments? Capture a world in motion with vivo Y33s‚Äô EIS Ultra Stable Video &amp;  Eye Autofocus! Deliver stable shots and keep your subjects steady!  Get yours for P12,999!  Shopee:   Lazada:       ",en,0,2,5,"['vivoy33s', 'focusonthemoment']",https://twitter.com/Vivo_Phil/status/1451458310427734019
73,vivo y33s.csv,2021-10-21,vivopakistan," Hello, vivo Y33s is priced at Rs. 37,999  Check complete specs here:  ",en,0,0,2,[],https://twitter.com/vivopakistan/status/1451082130281230341
74,vivo y33s.csv,2021-10-20,cgtnafrica,"Chinese phone maker  on Tuesday announced the launch of its latest Y-series model, the Vivo Y33s, in the  market. üá∞üá™üì±   ",en,0,0,3,"['vivo', 'kenya']",https://twitter.com/cgtnafrica/status/1450868161784414208
75,vivo y33s.csv,2021-10-20,chinafrica1,"Chinese phone maker Vivo has announced the launch of its latest Y-series model, the Vivo Y33s, in Kenya. The mid-range smartphone will be available at a retail cost of about US$216  ",en,0,0,0,[],https://twitter.com/chinafrica1/status/1450789644291883014
76,vivo y33s.csv,2021-10-20,vivopakistan," Hello, vivo Y33s is priced at Rs. 37,999  Check complete specs here:  ",en,0,0,0,[],https://twitter.com/vivopakistan/status/1450771844491927559
77,vivo y33s.csv,2021-10-20,techweez,Vivo Y33s Officially Launched in Kenya  ,en,1,2,0,[],https://twitter.com/techweez/status/1450759172996354050
78,vivo y33s.csv,2021-10-20,hapakenya,"vivo Y33s smartphone is now available in the Kenyan market to retail at Ksh.¬†23,999  ",en,0,0,0,[],https://twitter.com/HapaKenya/status/1450753184683679749
79,vivo y33s.csv,2021-10-20,vivo_phil,"Y settle for less? Chase more than what your eyes can see with the new vivo Y33s‚Äô 50MP Main Camera powered by the N1SQ03 image sensor!  Get yours for P12,999!  Shopee:   Lazada:        ",en,0,0,9,"['vivoy33s', 'focusonthemoment', '50mpnightcameraphone']",https://twitter.com/Vivo_Phil/status/1450673130624536576
80,vivo y33s.csv,2021-10-19,techweez,Vivo Y33s Officially Launched in Kenya  ,en,0,0,0,[],https://twitter.com/techweez/status/1450476457415913477
81,vivo y33s.csv,2021-10-19,gizbot,Check out here the new price of the Vivo Y33s.   ,en,0,0,0,[],https://twitter.com/gizbot/status/1450378688357339138
82,vivo y33s.csv,2021-10-19,zeenewsenglish, launches its new budget smartphone 'Vivo Y3s' in the Indian market      ,en,0,1,5,"['vivo', 'vivoy33s']",https://twitter.com/ZeeNewsEnglish/status/1450300672352690179
83,vivo y33s.csv,2021-10-18,telecomtalk,Vivo Y33s Receives a Price Hike of Rs 1000      ,en,0,1,5,"['vivoy33s', 'vivo']",https://twitter.com/TelecomTalk/status/1450094259269353486
84,vivo y33s.csv,2021-10-18,lionheartvnet,Experience clearer shots and powerful imaging qualities with the all-new vivo Y33s    ,en,0,0,1,['vivoy33s'],https://twitter.com/LionhearTVNet/status/1450069153520308225
85,vivo y33s.csv,2021-10-18,rapplerdotcom,"Grab the new vivo Y33s from vivo stores and kiosks nationwide for P12,999.    ",en,0,3,4,['brandrap'],https://twitter.com/rapplerdotcom/status/1450039143745167367
86,vivo y33s.csv,2021-10-18,91mobiles,"Vivo Y33s price in India hiked, here's how much it costs now  ",en,2,5,75,[],https://twitter.com/91mobiles/status/1450007183735734274
87,vivo y33s.csv,2021-10-18,vivopakistan," Hi, thank you for your interest. üôÇ Vivo Y33s is priced at Rs. 37,999  Check complete specs here:  ",en,3,0,2,[],https://twitter.com/vivopakistan/status/1449992911454494722
88,vivo y33s.csv,2021-10-18,maheshtelecom,  New MOP¬†‚Çπ18990/-  ,en,0,0,1,"['vivoy33s', 'priceincrease']",https://twitter.com/MAHESHTELECOM/status/1449960151931367424
89,vivo y33s.csv,2021-10-18,vivo_phil,"Y wait long for a money shot? Always snap with a million shades of night with vivo Y33s‚Äô Super Night Mode!  Get yours for P12,999!  Learn More:   Shopee:   Lazada:        ",en,0,1,4,"['vivoy33s', 'focusonthemoment', 'ainightmode']",https://twitter.com/Vivo_Phil/status/1449954854068129797
90,vivo y33s.csv,2021-10-18,yabhishekhd,"Vivo Y33s price hiked by ‚Çπ 1,000 üòÇ  New Price Vivo Y33s ‚Çπ18,990  The price hike will be  applicable from today 18th of October 21.  ",en,6,3,156,"['vivo', 'vivoy33s']",https://twitter.com/yabhishekhd/status/1449936901318668289
91,vivo y33s.csv,2021-10-17,rapplerdotcom,No time to charge? vivo Y33s packs enough power through its 5000mAh battery and 18W Flash Charge.     ,en,0,1,4,['brandrap'],https://twitter.com/rapplerdotcom/status/1449555863509798921
92,vivo y33s.csv,2021-10-16,techweez,Vivo Y33s to Launch in Kenya Next Week  ,en,1,1,2,[],https://twitter.com/techweez/status/1449307920097849344
93,vivo y33s.csv,2021-10-16,rapplerdotcom,Gamers are in for a treat with  Y33s' Helio G80 processor and Multi-Turbo 5.0 feature.   ,en,0,0,0,['brandrap'],https://twitter.com/rapplerdotcom/status/1449299305085521924
94,vivo y33s.csv,2021-10-16,vivo_phil,"vivo Y33s is here for your night photography and gaming needs! These awesome features will surely keep you entertained.üòâüíô  Get yours for P12,999! Shop in stores or online on Shopee.  Learn More:       ",en,0,3,11,"['vivoy33s', 'focusonthemoment', '50mpnightcameraphone']",https://twitter.com/Vivo_Phil/status/1449286292575965190
95,vivo y33s.csv,2021-10-16,businessmirror,"Taking better, higher quality photos is now within reach as vivo Y33s lands in stores nationwide.  Read more:    ",en,0,0,0,[],https://twitter.com/BusinessMirror/status/1449267703588352002
96,vivo y33s.csv,2021-10-15,rapplerdotcom,"vivo Y33s boasts an EIS technology-fused 50MP main camera, and is an ideal night camera phone.    ",en,0,1,2,['brandrap'],https://twitter.com/rapplerdotcom/status/1448974640496451589
97,vivo y33s.csv,2021-10-15,techweez,". will launch the Vivo Y33s early next week:  ‚Ä¢ 1080p 6.58"" Display ‚Ä¢ 50MP triple camera system ‚Ä¢ 16MP selfie camera ‚Ä¢ Helio G80 chip + Mali G52 GPU ‚Ä¢ 5000mAh battery w/ 18W Type-C charging  More:  ",en,0,1,2,[],https://twitter.com/techweez/status/1448947447791751224
98,vivo y33s.csv,2021-10-15,vivopakistan," Hi, thank you for your interest. üôÇ Vivo Y33s is priced at Rs. 37,999  Check complete specs here:  ",en,0,0,0,[],https://twitter.com/vivopakistan/status/1448944003961946118
99,vivo y33s.csv,2021-10-15,bworldph,"+ The vivo Y33s brings with it a massive 50MP main camera that features the latest EIS technology, coupled with a 16MP front camera.",en,0,0,0,[],https://twitter.com/bworldph/status/1448816973740085261
100,vivo y33s.csv,2021-10-15,bworldph,"Spotlight | The new vivo Y33s, the newest entrant to the Y series of the global brand, is now available in stores nationwide.  READ:  ",en,1,1,3,[],https://twitter.com/bworldph/status/1448816862641360914
101,vivo y33s.csv,2021-10-14,vivo_phil,"Y stop the fun? Capture your best moments all night long with the new vivo Y33s‚Äô 16MP Super Night Selfie!  Get yours for P12,999!  Learn More:        ",en,0,0,9,"['vivoy33s', 'focusonthemoment', '16mpsupernightselfie']",https://twitter.com/Vivo_Phil/status/1448574211870449670
102,vivo y33s.csv,2021-10-13,vivopakistan," Hi there, yes vivo Y33s is 4G supported! üôÇ",en,0,0,2,[],https://twitter.com/vivopakistan/status/1448270899468128262
103,vivo y33s.csv,2021-10-13,vivopakistan," Hi, thank you for your interest. üôÇ Vivo Y33s is priced at Rs. 37,999  Check complete specs here:  ",en,0,0,0,[],https://twitter.com/vivopakistan/status/1448269863198224394
104,vivo y33s.csv,2021-10-11,vivopakistan," Hi, thank you for your interest. üôÇ Vivo Y33s is available in 8GB + 4GB Extended RAM &amp; 128GB Internal Memory (Expandable to 1TB) only.  Check complete specs here:  ",en,0,0,1,[],https://twitter.com/vivopakistan/status/1447450897718542337
105,vivo y33s.csv,2021-10-09,vivopakistan," Hi, thank you for your interest. üôÇ Vivo Y33s is priced at Rs. 37,999  Check complete specs here:  ",en,3,0,8,[],https://twitter.com/vivopakistan/status/1446786108914688002
106,realme 8s 5g.csv,2021-11-05,realmecarein," Hi Mihir, we would like to inform you that we will provide monthly security patches provided by Google, along with system improvements updates for realme 8s 5g. Thanks for understanding.",en,2,0,0,[],https://twitter.com/realmecareIN/status/1456580780789014529
107,realme 8s 5g.csv,2021-10-31,realmecarein," Dear Customer, we would like to inform you that the realme 8s 5G does not support AOD(Always on display) features.",en,1,0,0,[],https://twitter.com/realmecareIN/status/1454743417674678272
108,realme 8s 5g.csv,2021-10-21,gadgets360,On  this week - AirPods 3: All you need to know - Realme 8s 5G: Another budget 5G smartphone? - Quick look at the Z Flip 3 Bespoke Edition - OnePlus 9R vs Realme GT vs Moto Edge 20 Pro: Which one to buy under 40k?   ,en,2,4,29,[],https://twitter.com/Gadgets360/status/1451202867872903168
109,realme 8s 5g.csv,2021-10-19,realmecarein," Hi Rohit, the Early Access for realme UI 3.0 based on Android 12 for realme 8s 5G will start to roll out in Q2, 2022. Kindly head to our official community following the link below for more information on the same.  ",en,1,0,0,[],https://twitter.com/realmecareIN/status/1450501845475078148
110,realme 8s 5g.csv,2021-10-05,realmecarein," Hi Aftab, we would like to inform you that one time free replacement offer is only applicable for realme 8s 5G. Thanks for understanding.",en,0,0,0,[],https://twitter.com/realmecareIN/status/1445362222071418890
111,realme 8s 5g.csv,2021-10-04,bgrindia,"Top 5G smartphones under Rs 20,000 in October: Realme 8s, Redmi Note 10T, Samsung Galaxy M32, more     ",en,1,0,5,"['5g', '5gphones']",https://twitter.com/BGRIndia/status/1444909349390807044
112,realme 8s 5g.csv,2021-10-03,gadgets360,"Is Realme 8s 5G the best new smartphone to buy under Rs. 20,000? Here's what we think:   ",en,0,2,22,[],https://twitter.com/Gadgets360/status/1444520083154366465
113,realme 8s 5g.csv,2021-10-03,gadgets360,"Is Realme 8s 5G the best new smartphone to buy under Rs. 20,000? Here's what we think:   ",en,0,2,8,[],https://twitter.com/Gadgets360/status/1444444585913094148
114,realme 8s 5g.csv,2021-09-30,gadgets360,"Is Realme 8s 5G the best new smartphone to buy under Rs. 20,000? Here's what we think:   ",en,0,1,16,[],https://twitter.com/Gadgets360/status/1443402720090771457
115,realme 8s 5g.csv,2021-09-29,gadgets360,"Is Realme 8s 5G the best new smartphone to buy under Rs. 20,000? Here's what we think:     ",en,2,3,23,[],https://twitter.com/Gadgets360/status/1443196108835020811
116,realme 8s 5g.csv,2021-09-29,yabhishekhd,"Realme 8s 5G 6GB+128GB ‚Çπ15,499 Poco C3 ‚Çπ6,299 Samsung F62 ‚Çπ16,499 Moto G60 ‚Çπ14,499üëç Infinix Hot 10 play ‚Çπ7,999 Micromax IN Note 1 ‚Çπ8,549üòç Infinix Note 10 ‚Çπ10,799 Poco F3 GT ‚Çπ25,499 Samsung F12 ‚Çπ9,499 Samsung F22 ‚Çπ12,499  (2/2)  ",en,5,13,149,[],https://twitter.com/yabhishekhd/status/1443020295711854602
117,realme 8s 5g.csv,2021-09-28,realmecarein, Hi Harsh. thank you for highlighting this issue. please be informed the realme 8s 5g comes with MediaTek Dimensity 810 5G processor.,en,3,1,5,[],https://twitter.com/realmecareIN/status/1442739610011021312
118,realme 8s 5g.csv,2021-09-28,yabhishekhd,"Realme offers during Flipkart Big Billion days.  Realme 8i ‚Çπ12,999 8s 5G ‚Çπ16,999  Realme C20 ‚Çπ6,999 C21Y ‚Çπ8,999 C21 ‚Çπ9,499 C25Y ‚Çπ10,999  Realme GT Master Edition 5G ‚Çπ20,999 GT 5G ‚Çπ35,999  Realme 8 4G 6GB+128GB ‚Çπ15,499 8 5G 8GB+128GB ‚Çπ17,499  Realme Narzo 30 5G ‚Çπ14,999  ",en,37,22,236,[],https://twitter.com/yabhishekhd/status/1442657141584658432
119,realme 8s 5g.csv,2021-09-27,amarujalanews,Realme 8s 5G Review  ,en,1,1,27,[],https://twitter.com/AmarUjalaNews/status/1442447342641156105
120,realme 8s 5g.csv,2021-09-27,gizbot,Realme 8s 5G Photos  ,en,0,0,7,[],https://twitter.com/gizbot/status/1442330655732510721
121,realme 8s 5g.csv,2021-09-23,hindustantimes,Realme 8s 5G- World's first smartphone with MediaTek Dimensity 810 5G processor  ,en,2,0,4,[],https://twitter.com/HindustanTimes/status/1441010707231768584
122,realme 8s 5g.csv,2021-09-21,hindustantimes,Realme 8s 5G- World's first smartphone with MediaTek Dimensity 810 5G processor  ,en,2,0,1,[],https://twitter.com/HindustanTimes/status/1440315710148734984
123,realme 8s 5g.csv,2021-09-21,trakintech,"realme 8s 5G Vs Redmi Note 10T 5G Full Comparison ‚ö°Ô∏è Performance, 5G, Display, Camera &amp; More       ",en,4,21,302,"['realme8s5g', 'redminote10t5g']",https://twitter.com/TrakinTech/status/1440243669244600325
124,realme 8s 5g.csv,2021-09-21,realmecarein," Hey, the charger with Model number OP92CAIH is for realme Pad and VCB3GAIH is for realme 8s 5G. Thanks!",en,1,0,1,[],https://twitter.com/realmecareIN/status/1440198654346686465
125,realme 8s 5g.csv,2021-09-17,91mobiles,"Here is our full review of the Realme 8s 5G, which starts at Rs 17,999 and is powered by the new MediaTek Dimensity 810 SoC  ",en,2,3,64,[],https://twitter.com/91mobiles/status/1438774731436486658
126,realme 8s 5g.csv,2021-09-16,gizbot,All you need to know about the Realme 8s 5G  ,en,0,0,0,[],https://twitter.com/gizbot/status/1438510486874689536
127,realme 8s 5g.csv,2021-09-14,realmecarein," Hi Gaurav, we're sorry to inform you that the ICICI bank offer is not available now on the purchase of realme 8s 5G. Kindly stay tuned on our official website for upcoming sales and offers related information. Thanks!",en,1,0,0,[],https://twitter.com/realmecareIN/status/1437663690858418176
128,realme 8s 5g.csv,2021-09-13,thescoopbeats,"Realme 8s 5G's first sale in India today, the phone is equipped with 64MP camera, know the price    ",en,0,0,0,['realme8s5g'],https://twitter.com/thescoopbeats/status/1437403112399155203
129,realme 8s 5g.csv,2021-09-13,httech,"Here‚Äôs everything you need to know about the Realme 8s 5G, from pricing, specs and where to buy the Realme 8s 5G.   ",en,0,2,3,[],https://twitter.com/HTTech/status/1437392319242670083
130,realme 8s 5g.csv,2021-09-13,newsbytesapp,"Realme's latest budget-range smartphone, the 8s 5G, has gone on sale in India today. The handset carries a starting price-tag of Rs. 17,999. It offers a 6.5-inch Full-HD+ screen, triple rear camera, a MediaTek Dimensity 810 chipset, and a 5,000mAh battery.  ",en,0,0,0,[],https://twitter.com/NewsBytesApp/status/1437384838152024069
131,realme 8s 5g.csv,2021-09-13,91mobiles,Which shot looks better - Realme 8s 5G or Redmi Note 10 Pro?  ,en,89,24,669,[],https://twitter.com/91mobiles/status/1437359715172843523
132,realme 8s 5g.csv,2021-09-13,zeenewsenglish,Realme 8s 5G goes on first sale today Details üëá       ,en,1,1,23,"['realme', 'realme8s5g']",https://twitter.com/ZeeNewsEnglish/status/1437315107223126016
133,realme 8s 5g.csv,2021-09-13,cnbctv18news,The Realme 8s 5G boasts of a 6.5-inch display with a 90Hz refresh rate.   ,en,0,0,3,[],https://twitter.com/CNBCTV18News/status/1437299745664417793
134,realme 8s 5g.csv,2021-09-13,91mobiles,"Realme 8s 5G first sale today: price in India, specifications, and where to buy  ",en,0,5,82,[],https://twitter.com/91mobiles/status/1437284164517040133
135,realme 8s 5g.csv,2021-09-10,indiatodaytech,"Realme 8s 5G phone launched in India, here are its price, specifications, and features   ",en,0,2,7,[],https://twitter.com/IndiaTodayTech/status/1436251456064172057
136,realme 8s 5g.csv,2021-09-10,timesofindia,Realme 8s vs Redmi Note 10 Pro Max vs Samsung Galaxy M32 5G vs Motorola G60: How the mid-range smartphones compare   via ,en,0,1,19,[],https://twitter.com/timesofindia/status/1436166287424729091
137,realme 8s 5g.csv,2021-09-10,cnnnews18,"Apart from Realme 8s 5G and Realme 8i, the company has launched its first Android tablet dubbed Realme Pad.   ",en,0,0,0,[],https://twitter.com/CNNnews18/status/1436117220724142100
138,realme 8s 5g.csv,2021-09-09,gadgets360,"Realme 8i and Realme 8s 5G have been launched in India, prices start at Rs. 13,999   ",en,1,1,17,[],https://twitter.com/Gadgets360/status/1436019067240914950
139,vivo y11.csv,2021-04-16,gadgets360,Vivo Y11 is reportedly getting the Android 11-based Funtouch OS 11 update in India. The latest update will be the last major update that the phone will receive   ,en,0,2,9,[],https://twitter.com/Gadgets360/status/1382853747433381889
140,vivo y11.csv,2021-04-15,gadgets360,Vivo Y11 is reportedly getting the Android 11-based Funtouch OS 11 update in India. See what's new:  ,en,0,2,18,[],https://twitter.com/Gadgets360/status/1382630023199399940
141,vivo y11.csv,2021-03-17,vivo_india," Hi, thank you for reaching out to us. We would like to inform you that currently, vivo Y11 handset is much stable with the current Android version. However, to ensure your best experience, we will keep updating the Android version as always.",en,1,0,0,[],https://twitter.com/Vivo_India/status/1372005093696966656
142,vivo y11.csv,2021-01-30,vivo_india," Hello, we appraise your requirements and thankful for it. The vivo Y11 handset is much stable with the current Android version. However, to ensure your best experience, we will keep updating the Funtouch OS version as always.",en,0,0,0,[],https://twitter.com/Vivo_India/status/1355457105705062400
143,vivo y11.csv,2021-01-16,vivo_india," Hello Shubham, we appraise your requirements and thankful for it. The vivo Y11 handset is much stable with the current Android version. However, to ensure your best experience, we will keep updating the Funtouch OS version as always.",en,0,0,0,[],https://twitter.com/Vivo_India/status/1350401480486866945
144,vivo y11.csv,2021-01-01,vivo_india," Hello, we appraise your requirements and thankful for it. The vivo Y11 handset is much stable with the current Android version. However, to ensure your best experience, we will keep updating the Funtouch OS version as always.",en,0,0,1,[],https://twitter.com/Vivo_India/status/1345031959324491776
145,vivo y11.csv,2020-12-17,vivo__nigeria,You also get 24 months warranty with every purchase and stand a chance to win amazing gifts everyday this month in the  promo    ,en,0,1,6,"['vivo31daysofchristmas', 'y1s', 'y12s', 'y91c', 'y11']",https://twitter.com/vivo__Nigeria/status/1339281766054572036
146,vivo y11.csv,2020-12-17,vivo__nigeria,"Make this December the most memorable one yet and get top notch quality, remarkable features at unbeatable prices when you buy the Y1s, Y12s, Y91C and Y11 at any authorised retail store nationwide  ",en,27,53,448,[],https://twitter.com/vivo__Nigeria/status/1339281762086686721
147,vivo y11.csv,2020-12-16,vivo__nigeria,You also get 24 months warranty with every purchase and stand a chance to win amazing gifts everyday this month in the  promo    ,en,0,0,3,"['vivo31daysofchristmas', 'y1s', 'y12s', 'y91c', 'y11']",https://twitter.com/vivo__Nigeria/status/1339237071412719621
148,vivo y11.csv,2020-12-14,vivo_india," Hello, we appraise your requirements and thankful for it. The vivo Y11 handset is much stable with the current Android version, for now, hence we have not planned to update it yet. However, to ensure your best experience, we will keep updating the Funtouch OS version as always.",en,0,0,0,[],https://twitter.com/Vivo_India/status/1338494460494106624
149,vivo y11.csv,2020-12-08,vivo_india," We appraise your requirements and thankful for it. We would like to inform you that currently, vivo Y11 handset is much stable with the current Android version. However, to ensure your best experience, we will keep updating the Software version as always.",en,0,0,0,[],https://twitter.com/Vivo_India/status/1336365549060644864
150,vivo y11.csv,2020-11-23,vivo_india," Thank you for contacting vivo India. Y11 handset is much stable with the current Android version, for now, hence we have not planned to update it yet. However, to ensure your best experience, we will keep updating the Funtouch OS version as always.",en,2,0,1,[],https://twitter.com/Vivo_India/status/1330652814918336512
151,vivo y11.csv,2020-11-22,vivo_india," Currently, vivo India has not released Android 10 version for vivo Y11 Handset. Whenever, it will be rollout then you will get the notification automatically in your handset.",en,0,0,0,[],https://twitter.com/Vivo_India/status/1330328784109666304
152,vivo y11.csv,2020-11-22,vivo_india," We appraise your requirements and thankful for it. We would like to inform you that currently, vivo Y11 handset is much stable with current Android version. However, to ensure your best experience, we will keep updating Funtouch OS version as always.",en,2,0,0,[],https://twitter.com/Vivo_India/status/1330327908833964033
153,vivo y11.csv,2020-11-10,desi_dime,Light up a new delight with great Diwali offers. Get your hands on the most loved  Y11.              ,en,0,0,0,"['vivo', 'offers', 'deals', 'shopping', 'discounts', 'savings', 'amazon', 'vivoy11', 'onlineshopping']",https://twitter.com/desi_dime/status/1326064654989336576
154,vivo y11.csv,2020-11-07,maheshtelecom,   new MOP Rs.9490/-  new MOP Rs.16490/-  ,en,1,0,4,"['vivo', 'pricedrop', 'vivoy11', 'vivoy50']",https://twitter.com/MAHESHTELECOM/status/1324942225445412866
155,vivo y11.csv,2020-11-07,maheshtelecom,   new MOP Rs.9490/-  new MOP Rs.16490/-  ,en,0,0,2,"['vivo', 'pricedrop', 'vivoy11', 'vivoy50']",https://twitter.com/MAHESHTELECOM/status/1324942137688002562
156,oppo f17.csv,2021-11-08,colorosglobal," Hey there, Ram! Security patch upgrades for OPPO F17 are released every quarter and will be pushed to your device as soon as they are available. For more information, visit  ",en,0,0,0,[],https://twitter.com/colorosglobal/status/1457630062799380481
157,oppo f17.csv,2021-11-08,colorosglobal," The ColorOS 12 beta version for OPPO F17 will begin in the 2nd half of 2022. Continue to follow us for further update announcements, MaLav!",en,0,0,0,[],https://twitter.com/colorosglobal/status/1457605540754952194
158,oppo f17.csv,2021-11-07,colorosglobal," Stay tuned for further batches of updates for OPPO F17 Pro, Anoop! We will be sharing more details soon!",en,0,0,0,[],https://twitter.com/colorosglobal/status/1457301575576211460
159,oppo f17.csv,2021-11-02,colorosglobal," Hey there, Vignesh. The ColorOS 12 beta version for OPPO F17 begins in the second half of 2022. Continue tuning in for further batches of update announcements!",en,0,0,0,[],https://twitter.com/colorosglobal/status/1455397878822809609
160,oppo f17.csv,2021-10-23,colorosglobal," Thanks for reaching out, Adarsh! The ColorOS 12 beta will be available to your OPPO F17 on the 2nd half of 2022 üòâ",en,1,0,0,[],https://twitter.com/colorosglobal/status/1451864153380081665
161,oppo f17.csv,2021-10-21,oppocarein," Hi Allauddin, please be informed that the ColorOS 12 update for OPPO F17 Pro will release in the first half of 2022. Please stay tuned to our social media channels for further updates. Thank you!",en,0,0,0,[],https://twitter.com/OPPOCareIN/status/1451022571378393098
162,oppo f17.csv,2021-10-18,oppocarein," We understand your excitement, Sushant. ColorOS 12 update for OPPO F17 will be released from the second half of 2022. Request you to please stay tuned to our social media channels for further announcements on the same.",en,1,1,2,[],https://twitter.com/OPPOCareIN/status/1449953736952934401
163,oppo f17.csv,2021-10-11,colorosglobal," Your OPPO F17 will get ColorOS 12 on the next half of 2022, Adarsh! You may check out the rollout plan in our latest tweets üòâ",en,0,0,0,[],https://twitter.com/colorosglobal/status/1447519765279481858
164,oppo f17.csv,2021-10-11,oppocarein," Hey Yahya, please be informed that any information regarding a ColorOS 12 for OPPO F17 is currently unavailable. Kindly stay tuned to our social media channels to know more regarding the same. Thank you!",en,0,0,5,[],https://twitter.com/OPPOCareIN/status/1447513373025832963
165,oppo f17.csv,2021-10-11,oppocarein," Hey Allauddin, any information regarding the Android 12 update for OPPO F17 Pro is currently unavailable. Please stay tuned to our social media channels for further announcements regarding the same.",en,0,0,0,[],https://twitter.com/OPPOCareIN/status/1447487575892004868
166,oppo f17.csv,2021-10-03,oppocarein," Hey Balvinder, please be informed that the Android 11 update for OPPO F17 is being released in batches and as soon as it is available, you'll be notified of the same on your device. Kindly stay tuned to our social media channels for further announcements.",en,1,0,1,[],https://twitter.com/OPPOCareIN/status/1444580089945985029
167,oppo f17.csv,2021-09-30,colorosglobal," Hi, Ram! Please note that the hardware does not support Customizable AOD to work properly on OPPO F17. We are sincerely sorry for the inconvenience caused by this issue. Thanks for your understanding!",en,0,0,0,[],https://twitter.com/colorosglobal/status/1443471650310262787
168,oppo f17.csv,2021-09-30,oppocarein," We understand your excitement for the Android 12 update for OPPO F17, Nazma. But currently, any information regarding the same is unavailable. Kindly stay tuned with us for further announcements. Thank you.",en,0,0,0,[],https://twitter.com/OPPOCareIN/status/1443426907492544522
169,oppo f17.csv,2021-09-29,colorosglobal," The official version of ColorOS 11 has already been released for OPPO F17 Pro in India, Shaikh. Kindly go to Settings &gt; Software Update to get the update!",en,0,0,0,[],https://twitter.com/colorosglobal/status/1443074973527064576
170,oppo f17.csv,2021-09-25,oppocarein," Hey Siddhesh, please be informed that any information regarding the ColorOS 12 update for OPPO F17 is currently unavailable. Request you to stay tuned to our social media handles for further updates. Thank you.",en,0,0,0,[],https://twitter.com/OPPOCareIN/status/1441635437269770253
171,oppo f17.csv,2021-09-22,colorosglobal," Hi, please note that the hardware does not support Customizable AOD to work properly on OPPO F17. We are sincerely sorry for the inconvenience caused by this issue. Thanks for your understanding!",en,1,0,0,[],https://twitter.com/colorosglobal/status/1440623555427717134
172,oppo f17.csv,2021-09-12,yabhishekhd,Bill of Oppo F17 üòé  ,en,8,7,121,[],https://twitter.com/yabhishekhd/status/1437049829364957184
173,oppo f17.csv,2021-09-12,yabhishekhd,"Oppo F17 Clone üòÇ with Mediatek Dimensity 700, In-display fingerprint scanner in working condition, stock android.    ",en,39,16,318,['oppo'],https://twitter.com/yabhishekhd/status/1437048060748566540
174,oppo f17.csv,2021-09-08,oppocarein," Hey Azharuddin, please be informed that currently, no information is available regarding the Android 12 update for OPPO F17 Pro. We request you to kindly stay tuned to our social media channels for further updates on the same.",en,0,0,0,[],https://twitter.com/OPPOCareIN/status/1435535121935998982
175,oppo a11k.csv,2021-07-01,91mobiles,"OPPO F19, A53s, A15s, A15, and A11k prices in India increased by up to Rs 1,000  ",en,4,3,59,[],https://twitter.com/91mobiles/status/1410544807240376328
176,oppo a11k.csv,2021-07-01,news18dotcom,"According to new pricing, here are the hiked prices for Oppo A11K, A15, A15s and A53s 5G.   ",en,0,0,0,[],https://twitter.com/news18dotcom/status/1410526826368147457
177,oppo a11k.csv,2021-06-26,oppocarein," Hello Vaibhav, please be informed that there are no new major updates available for OPPO A11K. However, we'll continue to provide security patch updates to ensure the stability of the device. Kindly stay tuned with us.",en,1,0,3,[],https://twitter.com/OPPOCareIN/status/1408617034766639104
178,oppo a11k.csv,2021-05-01,jiocare, Thank you for your interest. The handset - Oppo A11K - supports Wi-Fi Calling. You can make crystal clear voice and video calls over Wi-Fi. Go to Settings &gt; Dual SIM &amp; Mobile Network &gt; Click on Jio 4G SIM card &gt; Wi-Fi Calling &gt; Turn on Wi-Fi Calling - Yasmeen,en,1,0,0,[],https://twitter.com/JioCare/status/1388373391074230274
179,oppo a11k.csv,2020-12-22,oppocarein," Hey, Radhimoni, any information regarding the Android 10 update for OPPO A11k and OPPO A31 is unavailable as of now. Kindly stay tuned with us for further announcements on the same. Thank you.",en,0,0,0,[],https://twitter.com/OPPOCareIN/status/1341218608798527494
180,samsung galaxy a52s 5g.csv,2021-11-08,giffgaff," Hello there, The Samsung Galaxy A52s 5G is currently not in stock. Please keep checking the website for any updates. - giffgaff Ann",en,0,0,0,[],https://twitter.com/giffgaff/status/1457736197275521030
181,samsung galaxy a52s 5g.csv,2021-11-02,ooredooqatar,"Ooredoo now retails the  Galaxy A52s 5G. Switch or upgrade to maximise the benefits of access to the 5G network with this mighty new handset! Comes with 128GB or 256GB memory and 8GB of RAM ‚Äì all encased in four different, striking colours,  ",en,1,0,1,['samsung'],https://twitter.com/OoredooQatar/status/1455427006842216450
182,samsung galaxy a52s 5g.csv,2021-10-23,cromaretail,Keep it fast and fabulous!   Amp up the pace of your life with the Samsung Galaxy A52s 5G speed!  Wait no more! Rush to the store or shop now using this link -        ,en,2,3,12,"['croma', 'brightereveryday', 'samsung']",https://twitter.com/cromaretail/status/1451828237709971456
183,samsung galaxy m52 5g.csv,2021-10-30,ettelecom,"Samsung Galaxy M52 5G is good for gaming, streaming content           ",en,0,0,1,"['samsunggalaxym525g', 'samsung', 'devices', 'samsunggalaxy', 'samsunggalaxymseries', 'samsungsmartphones', 'android11', 'samsunggalaxysmartphones']",https://twitter.com/ETTelecom/status/1454417837833920520
184,samsung galaxy m52 5g.csv,2021-10-28,91mobiles,This could be the best time to buy the Samsung Galaxy M52 5G!  ,en,0,4,61,[],https://twitter.com/91mobiles/status/1453666321267187714
185,samsung galaxy m52 5g.csv,2021-10-26,zeebusiness,Samsung Galaxy M52 5G Review: Buy it or not? Check Here | Zee Business Tech    |  |   ,en,4,3,11,['samsunggalaxym52'],https://twitter.com/ZeeBusiness/status/1452879598887211013
186,samsung galaxy m52 5g.csv,2021-10-25,gadgetsnow,"Samsung Galaxy M52 5G review: Smart design, good performance  ",en,0,0,2,[],https://twitter.com/gadgetsnow/status/1452643614941581313
187,samsung galaxy m52 5g.csv,2021-10-25,news18dotcom,"From Samsung Galaxy M52 5G to OnePlus Nord 2 5G, here are five smartphones under Rs 30,000 you can buy in India this month.   ",en,0,1,3,[],https://twitter.com/news18dotcom/status/1452506964437573634
188,samsung galaxy m52 5g.csv,2021-10-24,httech,Want to buy the Samsung Galaxy M52 5G? Check out our take on it.      ,en,1,2,1,['samsunggalaxym52'],https://twitter.com/HTTech/status/1451994332316188684
189,samsung galaxy m52 5g.csv,2021-10-21,91mobiles,We review the Samsung Galaxy M52 5G to find out whether the phone is worth buying for you or not!  ,en,0,8,69,[],https://twitter.com/91mobiles/status/1451119380834652160
190,samsung galaxy m52 5g.csv,2021-10-18,amazonin,"Congratulations  and , you are the winners of our contest. Kindly DM us your details to claim your Samsung Galaxy M52 5G.    ",en,83,56,397,"['amazongreatindianfestival', 'samsunggalaxym525gonamazon']",https://twitter.com/amazonIN/status/1450057452716630020
191,samsung galaxy m52 5g.csv,2021-10-17,httech,We have reviewed the Samsung Galaxy M52 5G and here are our thoughts. Check out our full review.       ,en,0,0,1,['samsunggalaxym52'],https://twitter.com/HTTech/status/1449533115093897216
192,samsung galaxy m52 5g.csv,2021-10-15,gadgets360,On  this week - Realme GT Neo 2: New value flagship? - Samsung M52 5G: Is this the best mid-range Samsung to buy? - Samsung Galaxy Buds 2: Perfect everyday buds under 10k?¬†  ,en,1,4,27,[],https://twitter.com/Gadgets360/status/1449027294505414660
193,samsung galaxy m52 5g.csv,2021-10-12,sammobiles,"Samsung Galaxy M52 5G review: Sleek design, super performance  ",en,1,4,56,[],https://twitter.com/SamMobiles/status/1447985466351833089
194,samsung galaxy m52 5g.csv,2021-10-10,ibtimes_india,Samsung Galaxy M52 5G packs a punch with its rich features and has more going its way even in a competitive market like India.  ,en,0,0,3,[],https://twitter.com/ibtimes_india/status/1447145395302420482
195,samsung galaxy m52 5g.csv,2021-10-10,expresstechie,Samsung Galaxy M52 5G review: Here's what  thinks about 's latest M-series phone      ,en,0,3,11,"['samsung', 'samsunggalaxym52', 'galaxym525g']",https://twitter.com/ExpressTechie/status/1447058128260853760
196,samsung galaxy m52 5g.csv,2021-10-08,sammobiles,"Samsung Galaxy M52 5G review: Sleek design, super performance  ",en,1,3,57,[],https://twitter.com/SamMobiles/status/1446537403158589441
197,samsung galaxy m52 5g.csv,2021-10-07,httech,"Xiaomi 11 Lite NE 5G or Samsung Galaxy M52 5G? Which of these sub-Rs 30,000 smartphones should you buy?       ",en,0,0,2,"['xiaomi11litene5g', 'samsunggalaxym52']",https://twitter.com/HTTech/status/1446120631695654923
198,samsung galaxy m52 5g.csv,2021-10-07,sammobiles,"Samsung Galaxy M52 5G review: Sleek design, super performance:  ",en,0,7,52,[],https://twitter.com/SamMobiles/status/1445831405955657732
199,samsung galaxy m52 5g.csv,2021-10-06,news18tech," | Samsung Galaxy M52 5G comes with loads of eye-catching features for a price tag of around Rs 30,000. But should you consider it?    breaks it down for you.   ",en,0,1,1,['review'],https://twitter.com/News18Tech/status/1445735599030296579
200,samsung galaxy m52 5g.csv,2021-10-06,sammobiles,"Samsung Galaxy M52 5G review: Sleek design, super performance  ",en,0,5,54,[],https://twitter.com/SamMobiles/status/1445695512649207812
201,samsung galaxy m52 5g.csv,2021-10-06,news18dotcom,"Can the Samsung Galaxy M52 5G  rival competitors priced around Rs 30,000-mark in India?  Read 's review of it here. ‚¨áÔ∏è     ",en,1,1,2,[],https://twitter.com/news18dotcom/status/1445644973957808134
202,samsung galaxy m52 5g.csv,2021-10-06,stufflistings,Samsung Galaxy M52 5G in the house üòç. Camera samples and more stuff incoming.    ,en,41,49,567,"['samsung', 'samsunggalaxym52']",https://twitter.com/stufflistings/status/1445639549602856960
203,samsung galaxy m52 5g.csv,2021-10-06,news18dotcom," | Samsung Galaxy M52 5G comes with loads of eye-catching features for a price tag of around Rs 30,000. But should you consider it?    breaks it down for you.   ",en,1,0,0,['review'],https://twitter.com/news18dotcom/status/1445639509165498378
204,samsung galaxy m52 5g.csv,2021-10-06,news18tech," | Samsung Galaxy M52 5G comes with loads of eye-catching features for a price tag of around Rs 30,000. But should you consider it?    breaks it down for you.   ",en,0,1,0,['review'],https://twitter.com/News18Tech/status/1445639462860378119
205,samsung galaxy m52 5g.csv,2021-10-06,trakintech,"Samsung Galaxy M52 5G Unboxing And First Impressions ‚ö° Snapdragon 778, 120Hz AMOLED, 64MP Cam &amp; More        ",en,8,18,296,"['galaxym525g', 'samsunggalaxym525g', 'trakintech10mstrong']",https://twitter.com/TrakinTech/status/1445638901729693701
206,samsung galaxy m52 5g.csv,2021-10-06,technicalguruji,Samsung Galaxy M52 5G Unboxing &amp; First Look - The  - Giveawayüî•üî•üî•   via ,en,154,142,1792,['leanestmeanestmonsterever'],https://twitter.com/TechnicalGuruji/status/1445638674524172289
207,samsung galaxy m52 5g.csv,2021-10-06,geekyranjit,Samsung Galaxy M52 (5G) Unboxing Hands On Overview  ,en,44,22,697,[],https://twitter.com/geekyranjit/status/1445637802108981255
208,samsung galaxy m52 5g.csv,2021-10-06,shokeensanchit,The VERY ‚ÄúSlim‚Äù Samsung KING  -  Samsung Galaxy M52 5G ‚Ä¶! |     ,en,46,51,400,['techbar'],https://twitter.com/ShokeenSanchit/status/1445637575209750537
209,samsung galaxy m52 5g.csv,2021-10-04,91mobiles,"Smartphones launched in India in September 2021: iPhone 13, Vivo X70, Samsung Galaxy M52 5G, and more  ",en,0,10,73,[],https://twitter.com/91mobiles/status/1444932919143714816
210,samsung galaxy m52 5g.csv,2021-10-03,moneycontrolcom,"From iPhone 13 Pro Max to the Samsung Galaxy M52 5G, here are the best smartphones launched in September 2021 in India. üî•  Read the full story here üîΩ         ",en,0,0,5,"['smartphones', 'iphone13promax', 'samsunggalaxym52', 'india', 'tech', 'technology']",https://twitter.com/moneycontrolcom/status/1444627290113994756
211,samsung galaxy m52 5g.csv,2021-10-02,91mobiles,Amazon Great Indian Festival sale 2021: Samsung Galaxy M52 5G is a must buy at this price  ,en,1,12,126,[],https://twitter.com/91mobiles/status/1444316241632522250
212,samsung galaxy m52 5g.csv,2021-10-02,amazonin,Grab the screenshot at the right moment and stand a chance to win a Samsung Galaxy M52 5G. Use ¬†and  in your comment to improve your chances of winning. Hurry! Contest ends at 8:00 pm today  ,en,3577,1442,2086,"['amazongreatindianfestival', 'samsunggalaxym525gonamazon']",https://twitter.com/amazonIN/status/1444234284848476161
213,samsung galaxy a52.csv,2021-10-31,lekhakanurag, Samsung Galaxy A22 5G   Samsung Galaxy A52 (If you can increase budget)   OnePlus Nord CE 5G   Mi 10i 5G  ,en,1,1,5,[],https://twitter.com/LekhakAnurag/status/1454620073365172224
214,samsung galaxy a52.csv,2021-10-20,viu_ph,"Hai! Win a Samsung Galaxy A52 and loads of amazing anime prizes by joining the Viu ‚ÄúSay Hai to Anime‚Äù promo!   5 major winners will each get a Samsung Galaxy A52,   1-year Viu Premium subscription, Anime merch, and Grab Vouchers!  ",en,1,2,10,[],https://twitter.com/Viu_PH/status/1450778901894942724
215,samsung galaxy a52.csv,2021-10-20,viu_ph,[ 1/4]  Hai! Want to win a Samsung Galaxy A52 and awesome anime prizes? Then join the Viu ‚ÄúSay Hai to Anime‚Äù Promo!   Here‚Äôs how: 1.  Follow  on Instagram. 2.  Download our NEW Instagram Filter ‚ÄúHai Randomizer‚Äù here: (   ,en,1,2,4,['sayhaitoviu'],https://twitter.com/Viu_PH/status/1450763728094257159
216,samsung galaxy a52.csv,2021-10-07,gadgets360,Samsung Galaxy A52 October security update brings RAM Plus feature: Report   ,en,1,3,18,[],https://twitter.com/Gadgets360/status/1446064870848282629
217,samsung galaxy a52.csv,2021-10-05,indylife,Samsung Galaxy A52 5G review: A lot of Galaxy for your money  ,en,0,0,0,[],https://twitter.com/IndyLife/status/1445403619323518989
218,samsung galaxy a52.csv,2021-09-29,xdadevelopers,Get the excellent Samsung Galaxy A52 5G for only $400 ($100 off)  ,en,0,1,90,[],https://twitter.com/xdadevelopers/status/1442927223988576263
219,samsung galaxy a52.csv,2021-09-27,xdadevelopers,Get the mid-range Samsung Galaxy A52 5G for $399.99 ($100 off)  ,en,2,0,106,[],https://twitter.com/xdadevelopers/status/1442280857218125828
220,samsung galaxy a52.csv,2021-09-25,gadgets360,"Samsung Galaxy A52s is a mid-year upgrade to the Galaxy A52. We spent some time with it, and here's what we liked (and what we didn't) about it so far:     ",en,2,4,24,[],https://twitter.com/Gadgets360/status/1441802175932370946
221,samsung galaxy a52.csv,2021-09-21,bsindia," | Priced Rs 35,999 onwards, the  Galaxy A52s is an incremental but meaningful upgrade over predecessor Galaxy A52   writes   ",en,0,1,4,"['review', 'samsung']",https://twitter.com/bsindia/status/1440251958758191104
222,samsung galaxy a52.csv,2021-09-19,gadgets360,"Samsung Galaxy A52s is a mid-year upgrade to the Galaxy A52. We spent some time with it, and here's what we liked (and what we didn't) about it so far:     ",en,0,1,33,[],https://twitter.com/Gadgets360/status/1439491952077062145
223,samsung galaxy a52.csv,2021-09-19,gadgets360,"Samsung Galaxy A52s is a mid-year upgrade to the Galaxy A52. We spent some time with it, and here's what we liked (and what we didn't) about it so far:   ",en,0,2,23,[],https://twitter.com/Gadgets360/status/1439476851261378562
224,samsung galaxy a52.csv,2021-09-11,gadgets360,"Samsung Galaxy A52s is a mid-year upgrade to the Galaxy A52. We spent some time with it, and here's what we liked (and what we didn't) about it so far:     ",en,1,1,31,[],https://twitter.com/Gadgets360/status/1436713645266939905
225,samsung galaxy a52.csv,2021-09-08,91mobiles,"Samsung Galaxy A52s comes in as an upgraded version of the Galaxy A52, but is it really worth buying? Read our detailed review to find out!  ",en,1,7,61,[],https://twitter.com/91mobiles/status/1435493228308938752
226,samsung galaxy a52.csv,2021-09-07,kiruti,Oppo Reno 6 5G is 60k? Yikes that's a no from me. That pricing would have been good for the Reno 6 Pro 5G.  I mean the Reno 6 5G has no optical stabilization on its cameras for starters which is tragic for the price. Save 20k and buy the Samsung Galaxy A52 or 8k for the A52 5G.,en,3,2,2,[],https://twitter.com/kiruti/status/1435140114120859648
227,samsung galaxy a52.csv,2021-09-03,gadgets360,"Samsung Galaxy A52 price in India has been increased by Rs. 1,000, prices now start at Rs. 27,499    ",en,2,2,14,[],https://twitter.com/Gadgets360/status/1433822095398539264
228,samsung galaxy a52.csv,2021-09-03,gadgets360,"Samsung Galaxy A52 price in India has been increased by Rs. 1,000. Here's everything you need to know:      ",en,1,2,18,[],https://twitter.com/Gadgets360/status/1433744369899565058
229,samsung galaxy a52.csv,2021-09-01,kiruti,"The Samsung Galaxy A52 (8GB RAM/ 128GB of internal storage) with stock Android would be an almost perfect mid range phone. Also next year, I'd like to see Samsung slap a Snapdragon 870 successor to the A72 successor, that would make it so good.",en,0,0,2,[],https://twitter.com/kiruti/status/1433033249828265984
230,samsung galaxy a52.csv,2021-09-01,androidauth,Samsung Galaxy A52 5G lands in India for under $500     ,en,8,16,317,[],https://twitter.com/AndroidAuth/status/1432984707617144840
231,samsung galaxy a52.csv,2021-08-31,gadgets360,Samsung Galaxy A52 5G is reportedly getting a fresh update with new features    ,en,0,2,15,[],https://twitter.com/Gadgets360/status/1432684595602989056
232,samsung galaxy a52.csv,2021-08-24,pocketlint,Samsung Galaxy A52s vs A52 5G vs A72: What's the difference?       ,en,0,0,0,[],https://twitter.com/Pocketlint/status/1430126518907310080
233,samsung galaxy a52.csv,2021-08-24,pocketlint,Samsung Galaxy A52s vs A52 5G vs Galaxy S20 FE: What's the difference?       ,en,0,0,0,[],https://twitter.com/Pocketlint/status/1430103868344578060
234,samsung galaxy a52.csv,2021-08-24,pocketlint,Samsung Galaxy A52s 5G vs A52 5G vs Galaxy S21: What's the difference?       ,en,0,0,0,[],https://twitter.com/Pocketlint/status/1430084996014952475
235,samsung galaxy a52.csv,2021-08-24,rileyseanm," I avoided that one, but I can definitely get into some of those projects.  The headphone jack does narrow it quite a bit. Samsung Galaxy A52 5G would work, but pretty lateral from Pixel 5a. That is if you can get the 5a, it's only officially being released in the U.S. and Japan.",en,1,0,0,[],https://twitter.com/RileySeanM/status/1429922704673628172
236,samsung galaxy a52.csv,2021-08-20,androidauth,Google Pixel 5a vs Samsung Galaxy A52 5G: Which one should you buy?     ,en,10,15,225,[],https://twitter.com/AndroidAuth/status/1428749073901920264
237,samsung galaxy a52.csv,2021-08-18,gadgets360,"Samsung Galaxy A52s 5G has been launched as an upgrade to the Galaxy A52 5G. Check specs, and other details here:   ",en,1,3,20,[],https://twitter.com/Gadgets360/status/1428038988493901826
238,samsung galaxy a52.csv,2021-08-18,pocketlint,Samsung Galaxy A52s 5G vs A52 5G vs Galaxy S21: What's the difference?       ,en,0,0,1,[],https://twitter.com/Pocketlint/status/1427980387972784129
239,samsung galaxy a52.csv,2021-08-18,pocketlint,Samsung Galaxy A52s vs A52 5G vs Galaxy S20 FE: What's the difference?       ,en,0,0,0,[],https://twitter.com/Pocketlint/status/1427973578977390593
240,samsung galaxy a52.csv,2021-08-18,pocketlint,Samsung Galaxy A52s vs A52 5G vs A72: What's the difference?       ,en,0,0,0,[],https://twitter.com/Pocketlint/status/1427957724084588553
241,samsung galaxy a52.csv,2021-08-18,samsunguk," Hi Paul, congrats on your shiny new Samsung Galaxy A52 5G, we know you'll love it! Please let us know if you have any questions for us, as we're always happy to help. Have a great day ahead! ^BH",en,1,0,1,[],https://twitter.com/SamsungUK/status/1427918285560033283
242,samsung galaxy a52.csv,2021-08-18,phandroid,Pixel 5a vs Samsung Galaxy A52: Which one should you buy?    ,en,0,1,3,[],https://twitter.com/Phandroid/status/1427699483593297920
243,samsung galaxy f62.csv,2021-10-12,jagranenglish,"From Samsung Galaxy F62 to M51; list of smartphones that offers 7000mAh battery under 25,000      ",en,0,0,0,['smartphones'],https://twitter.com/JagranEnglish/status/1447917471453757441
244,samsung galaxy f62.csv,2021-10-02,91mobiles,"With amazing deals on Samsung Galaxy F12, Galaxy F42 5G, Galaxy F22, and Galaxy F62, the Flipkart Big Billion Days sale has something for everyone! [Brand Story]    ",en,8,52,806,[],https://twitter.com/91mobiles/status/1444127495695986695
245,samsung galaxy f62.csv,2021-09-30,droid254,If you happen to find them Samsung Galaxy M21 should be 6000mAh and Galaxy F62 has 7000mAh,en,3,4,14,[],https://twitter.com/droid254/status/1443511276769058817
246,samsung galaxy f62.csv,2021-08-27,flipkartsupport," Sorry to hear that. We understand your concern here about refund and delay in delivery of the product. As per our records, we see that the refund for the order ""SAMSUNG Galaxy F62 (Laser Blue, 128 GB)"" has been completed by the seller on August 08, 2021. (1/3)",en,0,0,0,[],https://twitter.com/flipkartsupport/status/1431077553385660420
247,samsung galaxy f62.csv,2021-08-17,flipkartsupport," Sorry to hear that. We understand your concern here. Please confirm, if you are referring to the product 'SAMSUNG Galaxy F62 (Laser Blue, 128 GB)' so that we can check and assist you accordingly. (1/2)",en,0,0,0,[],https://twitter.com/flipkartsupport/status/1427346917088907280
248,samsung galaxy f62.csv,2021-08-11,flipkartsupport," We'd really like to help you. Please confirm if you're referring to the order of SAMSUNG Galaxy F62 (Laser Blue, 128 GB) (OD222**********43000) with us so that we can assist you accordingly. Awaiting your response. ^VY  ",en,0,0,0,[],https://twitter.com/flipkartsupport/status/1425164841849786370
249,samsung galaxy f62.csv,2021-08-06,gadgets360,"Samsung Galaxy F62 price in India has dropped by Rs. 6,000. Here's how much it costs now:   ",en,0,2,13,[],https://twitter.com/Gadgets360/status/1423494036522819586
250,samsung galaxy f62.csv,2021-08-05,gizbot,You can grab the mid-range Samsung Galaxy F62 smartphone at an attractive price.     ,en,0,0,2,['galaxyf62'],https://twitter.com/gizbot/status/1423350088328491009
251,samsung galaxy f62.csv,2021-08-05,sulabhpuri,"Price Drop: Samsung Galaxy F62 price now starts at Rs 17,999   via ",en,0,1,1,[],https://twitter.com/sulabhpuri/status/1423291748973912066
252,samsung galaxy f62.csv,2021-08-05,91mobiles,"Samsung Galaxy F62 price in India slashed by Rs 6,000 for a limited time only  ",en,1,5,71,[],https://twitter.com/91mobiles/status/1423252762196803597
253,samsung galaxy f62.csv,2021-08-05,telecomtalk,"Samsung Galaxy F62 Price Now Starts at Rs 17,999.     ",en,0,1,2,"['samsung', 'galaxyf62']",https://twitter.com/TelecomTalk/status/1423252128408039424
254,samsung galaxy z fold3 5g.csv,2021-11-08,google,"Fold it, prop it, watch it: Experience a whole new way to enjoy  with the Samsung Galaxy Z Fold3 5G. Learn more ‚Üí    ",en,137,797,2815,[],https://twitter.com/Google/status/1457720846672400384
255,samsung galaxy z fold3 5g.csv,2021-11-04,samsungmalaysia,"Samsung Galaxy Z Fold3 | Z Flip3 5G took the opening stage of  2021, showcasing by the top 12 models from KLFW model search.  Stay tuned to more upcoming highlights from Samsung. Learn more:       ",en,0,0,8,"['klfw', 'galaxyzfold3', 'galaxyzflip3']",https://twitter.com/SamsungMalaysia/status/1456229862604169224
256,samsung galaxy z fold3 5g.csv,2021-10-20,livesmart," Hi, . No. Samsung Galaxy Z Fold3 and Z Flip3 5G is bundled with Smart Signature Plans. To apply, kindly click on this link  ",en,0,0,0,[],https://twitter.com/LiveSmart/status/1450657412436856832
257,samsung galaxy z fold3 5g.csv,2021-10-19,abscbnnews,"REVIEW: Samsung Galaxy Z Fold3 5G gets lower price, more durable body  ",en,0,3,32,[],https://twitter.com/ABSCBNNews/status/1450267956747771908
258,samsung galaxy z fold3 5g.csv,2021-10-14,fidosolutions," Hey Krishna! If you're referring to the Samsung Galaxy Z Fold3 5G, the updates have been released in stages since September 28th. You should get your eventually. Thank you for your patience! -Philippe",en,0,0,0,[],https://twitter.com/FidoSolutions/status/1448452179912658950
259,samsung galaxy z fold3 5g.csv,2021-09-26,afalk,"Fascinating to see how much marketing differs from reality in  with respect to  connectivity. üì± We're in üá¶üáπ for a couple of weeks and I need high-speed data on my laptop. I have tried everything now, both using a hotspot from my  Galaxy Z Fold3 5G phone, ...  ",en,1,0,1,"['austria', '5g']",https://twitter.com/afalk/status/1442151651855388677
260,samsung galaxy z fold3 5g.csv,2021-09-23,925xtu, Feel all eyes on you as you flex the newest Samsung Galaxy Z Fold3 5G or Z Flip3 5G. They come in statement-making colors that stand on their own to take selfies and videos. Shop now at    ,en,0,0,1,['ad'],https://twitter.com/925XTU/status/1441024591510573056
261,vivo y20i.csv,2021-08-31,bajaj_finserv,"vivo Y20i comes with a 5000mAh battery and 3GB RAM. Shop for this phone on No Cost EMIs starting Rs. 1,437, zero down payment and get free home delivery on the Bajaj Finserv EMI Store. Visit:    ",en,3,1,2,"['bajajfinserv', 'bajajfinance']",https://twitter.com/Bajaj_Finserv/status/1432561283837018116
262,vivo y20i.csv,2021-08-15,bajaj_finserv,"Vivo Y20i is a great budget phone that comes with a 5000mAh battery, 3GB RAM and a triple camera set-up. Shop for this phone on No Cost EMIs starting Rs. 1,437 and get free home delivery on the Bajaj Finserv EMI Store. Visit:    ",en,0,0,1,"['bajajfinserv', 'bajajfinance']",https://twitter.com/Bajaj_Finserv/status/1426763078876631044
263,vivo y20i.csv,2021-08-09,bajaj_finserv,"The vivo Y20i is a great budget phone with a powerful battery of 5000mAh, 3GB RAM and a triple camera set-up. Shop for this phone on No Cost EMIs starting Rs. 1,437 on the Bajaj Finserv EMI Store and get home delivery. Visit:    ",en,1,1,1,"['bajajfinserv', 'bajajfinance']",https://twitter.com/Bajaj_Finserv/status/1424603849340375042
264,vivo y20i.csv,2021-07-31,bajaj_finserv,"vivo Y20i is a great budget phone that comes with a powerful 5000mAh battery. Shop for this phone on No Cost EMIs starting Rs. 1,437, zero down payment and get free home delivery on the Bajaj Finserv EMI Store. Visit:    ",en,0,1,1,"['bajajfinserv', 'bajajfinance']",https://twitter.com/Bajaj_Finserv/status/1421380113581723649
265,vivo y20i.csv,2021-07-20,bajaj_finserv,"The vivo Y20i is a great budget phone that comes with a powerful battery of 5000mAh, 3GB RAM and a triple camera set-up. Shop for this phone on No Cost EMIs starting Rs. 1,437 on the  EMI Store and get home delivery. Visit:    ",en,0,0,0,"['bajajfinserv', 'bajajfinance']",https://twitter.com/Bajaj_Finserv/status/1417333443541839904
266,vivo y20i.csv,2021-07-04,bajaj_finserv,"vivo Y20i is a great budget phone that comes with a powerful battery of 5000mAh. Shop for this phone on No Cost EMIs starting Rs. 1,437, zero down payment and get free home delivery on the Bajaj Finserv EMI Store. Visit:    ",en,0,0,0,"['bajajfinserv', 'bajajfinance']",https://twitter.com/Bajaj_Finserv/status/1411595636424667140
267,vivo y20i.csv,2021-06-26,bajaj_finserv,"The vivo Y20i is a great budget phone that comes with a powerful battery of 5000mAh, 3GB RAM and a triple camera set-up. Shop for it on No Cost EMIs starting Rs. 1,437, zero down payment and get free home delivery on the Bajaj Finserv EMI Store. Visit:  ",en,0,1,3,[],https://twitter.com/Bajaj_Finserv/status/1408647458721259529
268,vivo y20i.csv,2021-06-14,bajaj_finserv,"The vivo Y20i is a great budget phone that comes with a powerful battery of 5000mAh, 3GB RAM and a triple camera set-up. Shop it on No Cost EMIs starting Rs. 1,437, zero down payment and get free home delivery on the Bajaj Finserv EMI Store. Visit:  ",en,2,2,7,[],https://twitter.com/Bajaj_Finserv/status/1404438483553247236
269,vivo y20i.csv,2021-05-28,bajaj_finserv,"The vivo Y20i is a great budget phone that comes with 5000mAh battery, 3GB RAM and a triple camera set-up. Shop for this phone on No Cost EMIs starting Rs. 1,437 and get free home delivery on the Bajaj Finserv EMI Store. Visit:    ",en,0,0,1,"['bajajfinserv', 'bajajfinance']",https://twitter.com/Bajaj_Finserv/status/1398138210597830659
270,vivo y20i.csv,2021-05-08,bajaj_finserv,"Vivo Y20i is a great budget phone that comes with a powerful battery of 5000mAh, 3GB RAM and a triple camera set-up. Shop for this phone on No Cost EMIs starting Rs. 1,437, zero down payment and get free home delivery on the Bajaj Finserv EMI Store. Visit:¬† ",en,2,0,0,[],https://twitter.com/Bajaj_Finserv/status/1390997408063107074
271,vivo y20i.csv,2021-03-30,bajaj_finserv,"Quad camera setup, 3GB RAM, and 64GB storage, the vivo Y20i comes in 2 striking colours with performance guarantee. Shop this smartphone on No Cost EMIs starting Rs. 1,437 and zero down payment only on Bajaj Finserv EMI Store.    ",en,1,0,0,"['bajajfinserv', 'bajajfinance']",https://twitter.com/Bajaj_Finserv/status/1376949846553288706
272,vivo y20i.csv,2021-03-18,bajaj_finserv,"The Vivo Y20i comes with 3GB RAM memory, 64GB storage, and 5000mAh battery. Shop for this phone on No Cost EMIs starting Rs. 1,437 and zero down payment. Visit:    ",en,2,0,0,"['bajajfinserv', 'bajajfinance']",https://twitter.com/Bajaj_Finserv/status/1372584833021542401
273,vivo y20i.csv,2021-01-03,vivo_phil,"Start the year with a powerful style upgrade with the vivo Y20i and let the good times roll with 5000 mAh battery, AI Dual Bokeh Camera, and 4GB + 64GB of RAM/ROM.  Lazada:   Shopee:   Learn more:    ",en,1,3,18,[],https://twitter.com/Vivo_Phil/status/1345671242351833088
274,vivo y20i.csv,2020-11-29,rapplerdotcom,"Ready to binge-watch your favorite shows during the holidays? If you‚Äôre looking for a new streaming partner, take a look at the vivo Y20i and Y30.   ",en,0,0,8,['brandrap'],https://twitter.com/rapplerdotcom/status/1333063585736617984
275,vivo y20i.csv,2020-11-23,vivo_phil,Get more power this Christmas with the vivo Y20i‚Äôs 5000mAh battery and reverse-charging feature. Keep the season bright and in style!   Now available in-stores and online.  ,en,0,2,16,['morepowermorestyle'],https://twitter.com/Vivo_Phil/status/1330693870573633536
276,vivo y20i.csv,2020-10-19,rapplerdotcom,Tired of generic black and white phones? Check out vivo Y20i's vibrant colors.   ,en,0,2,2,['brandrap'],https://twitter.com/rapplerdotcom/status/1318070898935713792
277,vivo y20i.csv,2020-10-08,rapplerdotcom,The vivo Y20i has an Ultra Game mode where you can customize notification settings while you're playing.   ,en,0,0,3,['brandrap'],https://twitter.com/rapplerdotcom/status/1314021905331105792
278,vivo y20i.csv,2020-10-04,rapplerdotcom,"This smartphone isn't only easy on the eyes, but easy on the hands too! The vivo Y20i only weighs approximately 192.3g.    ",en,0,0,4,['brandrap'],https://twitter.com/rapplerdotcom/status/1312618664345186304
279,vivo y20i.csv,2020-10-04,vivo_phil,"Get the best of both worlds with vivo Y20i, now available!  Check out the specs and see how the Y20i can be the perfect game buddy for you!   Shop now! Lazada:   Shopee:   Learn more:    ",en,5,1,20,['morepowermorestyle'],https://twitter.com/Vivo_Phil/status/1312609775226507265
280,apple iphone 13.csv,2021-11-09,applesupport, Congratulations on your new iPhone! We want to ensure your Apple Watch can pair properly with your new iPhone 13. The following resource has specific steps to check when pairing to a new iPhone:     Meet us in DM if you still need support.  ,en,0,0,0,[],https://twitter.com/AppleSupport/status/1457858396812611586
281,apple iphone 13.csv,2021-11-09,bgr,Supply chain issues to impact Apple‚Äôs iPhone 13 until early next year    ,en,1,2,1,[],https://twitter.com/BGR/status/1457857233786650628
282,apple iphone 13.csv,2021-11-09,urbanzosf,"  Purchased my first iPhone (iPhone 13 Pro Max) after being a  loyal high end Android user for 15 years. I absolutely love this phone, battery life is outstanding and It feels good in the hands. As a photographer the display is clear is crisp and camera is insane.",en,0,0,0,[],https://twitter.com/urbanzosf/status/1457841170105581569
283,apple iphone 13.csv,2021-11-09,goldman,"In more Apple news, it would appear the old USB-A cables are junk for charging the new iPhone 13 Pros and you def need to use a USB-C cable.",en,4,0,0,[],https://twitter.com/goldman/status/1457827397655412742
284,apple iphone 13.csv,2021-11-09,whathifi,"Apple iPhone 13 Pro Max review: it might look the same, but this year‚Äôs Pro Max has some hidden upgrades  ",en,0,0,1,[],https://twitter.com/whathifi/status/1457806262888960004
285,apple iphone 13.csv,2021-11-08,gadgets360,"Apple iPhone 13, iPhone 13 mini review: Should you upgrade?   ",en,0,2,24,[],https://twitter.com/Gadgets360/status/1457762342276681737
286,apple iphone 13.csv,2021-11-08,lifewiretech,"Apple prioritizing the iPhone 13 over the iPad during a supply shortage isn‚Äôt ideal, but it‚Äôs hardly a death knell.     ",en,0,0,0,['lifewirenews'],https://twitter.com/lifewiretech/status/1457750698704183296
287,apple iphone 13.csv,2021-11-08,idownloadblog,Apple shows how iPhone 13 can be used to recreate Hollywood movie scenes at home    ,en,0,4,42,[],https://twitter.com/iDownloadBlog/status/1457738735366426630
288,apple iphone 13.csv,2021-11-08,cnbc,Analyst call of the day for  subscribers: JPMorgan reiterated its overweight rating on Apple and said it sees healthy demand for the iPhone 13.  Subscribe to see the analyst calls of the day curated by CNBC Pro.  ,en,6,4,7,[],https://twitter.com/CNBC/status/1457716070970757123
289,vivo y12g.csv,2021-08-06,gadgets360,"Vivo Y12G with dual rear cameras, Qualcomm Snapdragon 439 SoC has been launched in India, priced at Rs. 10,990   ",en,0,2,11,[],https://twitter.com/Gadgets360/status/1423463838830243841
290,vivo y12g.csv,2021-08-05,jagranenglish,Here‚Äôs all you need to know about Vivo Y12G    ,en,0,0,1,['vivoy12g'],https://twitter.com/JagranEnglish/status/1423327948573224963
291,vivo y12g.csv,2021-08-05,thescoopbeats,"Vivo Y12G launched in India, the phone is equipped with Qualcomm Snapdragon 439 processor.    ",en,0,0,0,['vivoy12g'],https://twitter.com/thescoopbeats/status/1423294369495273489
292,vivo y12g.csv,2021-08-05,techmoran,"The Vivo Y12G presented ¬†with a 5,000 mAh battery at a budget level¬†price  ",en,0,0,0,[],https://twitter.com/TechMoran/status/1423292928475099149
293,vivo y12g.csv,2021-08-05,samwakoba,"The Vivo Y12G presented ¬†with a 5,000 mAh battery at a budget level¬†price  ",en,0,0,0,[],https://twitter.com/SamWakoba/status/1423292923450302467
294,vivo y12g.csv,2021-08-05,jagranenglish,"Vivo Y12G launched in India with 5000 mAh battery, Snapdragon 439; check price, availability, specifications       ",en,0,0,1,['vivoy12g'],https://twitter.com/JagranEnglish/status/1423233570840092674
295,vivo y12g.csv,2021-08-05,gadgetsnow,Vivo Y12G budget phone launched with Snapdragon 439 and dual rear camera   ,en,0,0,3,[],https://twitter.com/gadgetsnow/status/1423229796360785922
296,vivo y12g.csv,2021-08-05,tech2eets,"Vivo has silently introduced the newest addition to its smartphone line-up in India ‚Äì the Vivo Y12G ‚Äì at a price of Rs 10,990.   ",en,0,1,5,[],https://twitter.com/tech2eets/status/1423227510624460805
297,vivo y12g.csv,2021-08-05,moneycontrolcom,: Vivo just dropped a new budget phone in India. The Vivo Y12G! Here are all the details üëá         ,en,0,0,1,"['techwithmc', 'vivoy12g', 'smartphones', 'vivo']",https://twitter.com/moneycontrolcom/status/1423226149048504325
298,vivo y12g.csv,2021-08-05,gizbot,Vivo silently launched another variant in this lineup in India dubbed Y12G.    via ,en,0,0,2,[],https://twitter.com/gizbot/status/1423218138854825985
299,vivo y72 5g.csv,2021-10-23,vivo_phil,"Avail the limited edition vivo Y72 5G today! Purchase yours through Smart Signature Plan for only 1,199/mo with a one time cash out of P3,200. Enjoy unli call &amp; text to all networks and a free premium bluetooth speaker! ü§©  Book your in-store appointment:    ",en,0,6,13,[],https://twitter.com/Vivo_Phil/status/1451760290023018498
300,vivo y72 5g.csv,2021-09-22,vivo_phil,"Looking for a new smartphone? Get the limited edition vivo Y72 5G through Smart Signature Plan! üòâüíô Avail it through the Plan 1,599 with a one time cash out of P1,810 and get to enjoy the 5G for you! ü§©  Book your in-store appointments here:    ",en,0,1,15,[],https://twitter.com/Vivo_Phil/status/1440526266180857869
301,vivo y72 5g.csv,2021-09-05,vivo_india," Hello Kunal, thank you for writing to us. We have vivo Y72 handset which comes with the 5G. For more details:  ",en,1,0,1,[],https://twitter.com/Vivo_India/status/1434464404502814721
302,vivo y72 5g.csv,2021-09-04,vivo_phil,Get this limited edition vivo Y72 5G through Globe with Plan 1499! No cashout required! üòçüì± Time to avail the 5G for you! üòâ  Learn more about the plan:    *Terms and Condition Apply.    ,en,0,3,13,"['vivoy725g', 'vivoxglobe']",https://twitter.com/Vivo_Phil/status/1433992075712761859
303,vivo y20g.csv,2021-07-10,maheshtelecom,    ‚Äì ‚Çπ11990ÔºàHike 500RsÔºâ (4+64) ‚Äì ‚Çπ13990 (Hike 1000RsÔºâ (6+128) ‚Äì ‚Çπ15990 (Hike 1000RsÔºâEffective from today i.e. 10th¬†July‚Äô21  ,en,0,0,2,"['vivo', 'newmop', 'pricehike', 'y20a', 'y20g', 'y20g']",https://twitter.com/MAHESHTELECOM/status/1413739039786737666
304,vivo y20g.csv,2021-07-02,bajaj_finserv,"The vivo Y20G offers unique camera features such as super macro camera and bokeh camera for greater depth and quality. Shop for this phone on No Cost EMIs starting Rs. 1,874 on the Bajaj Finserv EMI Store, visit:    ",en,0,1,4,"['bajajfinserv', 'bajajfinance']",https://twitter.com/Bajaj_Finserv/status/1410859534839652353
305,vivo y20g.csv,2021-06-09,bajaj_finserv,"The vivo Y20G camera has features like super macro camera and bokeh camera for. This phone also has an AI video editor along with a 5000mAh battery. Shop for this phone on No Cost EMIs starting Rs. 1,874 on the Bajaj Finserv EMI Store, visit:  ",en,1,0,1,[],https://twitter.com/Bajaj_Finserv/status/1402490643612581890
306,vivo y20g.csv,2021-05-30,bajaj_finserv,Only 1 day left before the  wraps up. Bring out the player in you and stand a chance to win a vivo Y20G.     ,en,6,8,19,"['eminetworkpowerplay', 'vivov21']",https://twitter.com/Bajaj_Finserv/status/1398977535145234434
307,vivo y20g.csv,2021-05-28,bajaj_finserv,Gear up and play  before the timeout. Start your innings and tweet your way to win a vivo Y20G.     ,en,3,4,9,"['eminetworkpowerplay', 'vivov21']",https://twitter.com/Bajaj_Finserv/status/1398257864502779910
308,vivo y20g.csv,2021-05-27,bajaj_finserv,Participate in the  and tweet your way to a vivo Y20G. Click to start your innings now:     ,en,4,4,10,"['eminetworkpowerplay', 'vivov21']",https://twitter.com/Bajaj_Finserv/status/1397892876307107843
309,vivo y20g.csv,2021-05-26,bajaj_finserv,Choose your favorite team and play the . Answer 8 simple questions and tweet your way to win a vivo Y20G.     ,en,8,10,25,"['eminetworkpowerplay', 'vivov21']",https://twitter.com/Bajaj_Finserv/status/1397534426980966407
310,vivo y20g.csv,2021-05-25,bajaj_finserv,Get ready to strike big in the . Answer 8 simple questions and tweet your way to win a vivo Y20G. Click on the link to start your innings     ,en,6,7,11,"['eminetworkpowerplay', 'vivov21']",https://twitter.com/Bajaj_Finserv/status/1397167412143747074
311,vivo y20g.csv,2021-05-23,bajaj_finserv,Get ready to play your best shot. Start your innings in the  and stand a chance to win a vivo Y20G.     ,en,75,62,92,"['eminetworkpowerplay', 'vivov21']",https://twitter.com/Bajaj_Finserv/status/1396446098512748545
312,vivo y20g.csv,2021-05-21,bajaj_finserv,Are you ready to strike big in this innings? Play the  and stand a chance to win a vivo Y20G.     ,en,107,87,113,"['eminetworkpowerplay', 'vivov21']",https://twitter.com/Bajaj_Finserv/status/1395718888386568196
313,vivo y20g.csv,2021-05-20,bajaj_finserv,No timeout in the . Participate and stand a chance to win a vivo Y20G.     ,en,3,5,7,"['eminetworkpowerplay', 'vivov21']",https://twitter.com/Bajaj_Finserv/status/1395358899738316801
314,vivo y20g.csv,2021-05-19,vivo_india," Hi, we do understand your concern. Currently, vivo V20, V20Pro, V20SE, Y20G, Y31, Y51A, Y12s, Y20A, Y51 handsets running with Funtouch OS 11 version. However, once the new update will be rollout for other vivo handset then users will get the notification automatically. üòä",en,1,0,0,[],https://twitter.com/Vivo_India/status/1394899049728274433
315,vivo y20g.csv,2021-05-18,bajaj_finserv,Get the highest number of likes on your tweet and win a vivo Y20G. Play  now:     ,en,6,9,24,"['eminetworkpowerplay', 'vivov21']",https://twitter.com/Bajaj_Finserv/status/1394625417424740353
316,vivo y20g.csv,2021-05-17,bajaj_finserv,The game is on and it's your turn to play big. Participate in the   and stand a chance to win a vivo Y20G. Play now:     ,en,13,22,33,"['eminetworkpowerplay', 'vivov21']",https://twitter.com/Bajaj_Finserv/status/1394276219290460167
317,vivo y20g.csv,2021-05-16,bajaj_finserv,Bring out the player in you and stand a chance to win a vivo Y20G. Click to start your innings now.      ,en,8,7,23,"['vivov21', 'eminetworkpowerplay']",https://twitter.com/Bajaj_Finserv/status/1393904323524919297
318,vivo y20g.csv,2021-05-13,bajaj_finserv,"Did you start participating in the  yet? Play and stand a chance to win a vivo Y20G. To start your innings, visit:     ",en,3,9,18,"['eminetworkpowerplay', 'vivov21']",https://twitter.com/Bajaj_Finserv/status/1392820741037387776
319,oppo a54.csv,2021-11-08,colorosglobal," Check out the post for more details about the release timeline for OPPO A54, Marwan! More details will be shared soon so stay tuned!",en,0,0,0,[],https://twitter.com/colorosglobal/status/1457515428138438656
320,oppo a54.csv,2021-11-06,oppocarein," Hello Aakarsh, the information for OPPO A54's ColorOS 12 update is currently unavailable. Please stay tuned to our social media channels. Thank you.",en,0,0,0,[],https://twitter.com/OPPOCareIN/status/1456863833385889795
321,oppo a54.csv,2021-11-03,tokopedia,OPPO A54 Rp2.499.000  Link ‚û°Ô∏è    ,en,1,1,11,[],https://twitter.com/tokopedia/status/1455879285789454344
322,oppo a54.csv,2021-11-03,tokopedia,OPPO A54 Rp2.499.000  Link ‚û°Ô∏è    ,en,2,0,16,[],https://twitter.com/tokopedia/status/1455878301059203074
323,oppo a54.csv,2021-11-03,oppocarein," As conveyed to you earlier, Himanshu, the ColorOS 11 update for OPPO A54 will be released in batches. Please stay tuned with us for further information.",en,0,0,0,[],https://twitter.com/OPPOCareIN/status/1455769812387303436
324,oppo a54.csv,2021-11-02,celcom,"Looking for the best phone deal this 11.11? Well look no further. Now you can score a new phone like the iPhone 12 mini, Samsung A52, Realme 8 Pro, Vivo Y31, Oppo A54 &amp; more from only RM0.11! Just sign up online for the new Celcom MEGA‚Ñ¢. But hurry, stocks are limited.  ",en,1,0,1,[],https://twitter.com/Celcom/status/1455418141752770560
325,oppo a54.csv,2021-10-28,oppocarein," Hi Kiran, please be informed that  ColorOS 11 update for OPPO A54 is released in batches. Kindly stay tuned to our social media pages for further announcements on the same. Thank you.",en,0,0,0,[],https://twitter.com/OPPOCareIN/status/1453672612744216576
326,oppo a54.csv,2021-10-22,colorosglobal," Hey there, Yiiyo! The official ColorOS 11 update for OPPO A54 will be available in more regions. Stay connected with us for further news!",en,0,0,1,[],https://twitter.com/colorosglobal/status/1451401642914500611
327,oppo a54.csv,2021-10-20,colorosglobal," Thanks for your interest, Edwin. There is no update information for OPPO A54. Security patch upgrades will be pushed to your device to keep it optimized!",en,0,0,0,[],https://twitter.com/colorosglobal/status/1450663985444007937
328,oppo a54.csv,2021-10-20,colorosglobal," We apologize for any inconvenience this may have caused you. The official version of ColorOS 11 for OPPO A54 is being released in more regions. Additional batches will be released, so stay tuned!",en,1,0,0,[],https://twitter.com/colorosglobal/status/1450659093643997184
329,oppo a54.csv,2021-10-18,colorosglobal," Update information for OPPO A54 4G is not available at this time, k. There will be security patch upgrades that will continue to optimize your device. We appreciate your support and understanding.",en,0,0,0,[],https://twitter.com/colorosglobal/status/1450029376175853575
330,oppo a54.csv,2021-10-18,colorosglobal," Update information for OPPO A54 is not available, Rika. There will be security patch upgrades ensuring your long-term sable use. We appreciate your understanding.",en,0,0,0,[],https://twitter.com/colorosglobal/status/1449964038818091013
331,oppo a54.csv,2021-10-13,oppocarein," As informed earlier, the ColorOS 11 update for OPPO A54 is releasing in batches. Kindly stay tuned. Thank you.",en,0,0,0,[],https://twitter.com/OPPOCareIN/status/1448253375514955788
332,oppo a54.csv,2021-10-11,oppocarein," Hi Kiran, as conveyed to you earlier, please be informed that the ColorOS 11 update for OPPO A54 is releasing in batches. Kindly stay tuned. Thank you.",en,0,0,0,[],https://twitter.com/OPPOCareIN/status/1447392790204215299
333,oppo a54.csv,2021-10-07,colorosglobal, Hi Edwin! Thank you for reaching out to us. Kindly wait for the next batch of ColorOS 11 for OPPO A54. More regions will be covered soon. Stay tuned with our social media channels for the latest announcements!,en,1,0,0,[],https://twitter.com/colorosglobal/status/1445945880482299910
334,oppo a54.csv,2021-10-06,oppophilippines,How well do you know your OPPO A54?  Battery capacity is at‚Ä¶,en,6,1,21,[],https://twitter.com/OPPOPhilippines/status/1445569712260222980
335,oppo a54.csv,2021-10-06,colorosglobal, Hi K! Thank you for reaching out to us. Kindly wait for the next batch of ColorOS 11 for OPPO A54 in Indonesia. More regions will be covered soon. Stay tuned with our social media channels for the latest announcements!,en,0,0,0,[],https://twitter.com/colorosglobal/status/1445563957016608770
336,oppo a54.csv,2021-10-05,oppophilippines,"Built to be , the OPPO A54 4+128GB has a 5000 mAh battery, with 18W fast charging, and superb storage of 128GB ROM.   Order yours now for only P9,499  Lazada:   Shopee:    ",en,1,5,34,['alwaysreliablealwaysrelaxed'],https://twitter.com/OPPOPhilippines/status/1445271991796191239
337,oppo a54.csv,2021-09-30,colorosglobal, Hi Edwin! Kindly wait for the next batch of ColorOS 11 for OPPO A54. More regions will be covered soon. Stay tuned with our social media channels for the latest announcements!   Thank you for your support! üíö,en,0,0,0,[],https://twitter.com/colorosglobal/status/1443518884770889731
338,oppo a54.csv,2021-09-30,colorosglobal, Hi Mohamed! Thank you for reaching out to us. Kindly wait for the next batch of ColorOS 11 for OPPO A54. More regions are being covered at the moment. Stay tuned with our social media channels for the latest announcements!,en,0,0,0,[],https://twitter.com/colorosglobal/status/1443499010904535041
339,realme 8i.csv,2021-11-09,cnetfrance,Test Realme 8i : notre avis    ,en,0,0,0,[],https://twitter.com/cnetfrance/status/1457802014960721922
340,realme 8i.csv,2021-11-08,realmeindia,"Today is the last day of the  Sale, don't let these smooth Offers slip by! Time to bring home the  at special prices* with additional bank Offers. Sale ends today, HURRY! *T&amp;C Apply   Buy now:    ",en,12,27,268,"['realmefestivedays', 'realme8i', 'greatthingsawaityou']",https://twitter.com/realmeIndia/status/1457566046286606336
341,realme 8i.csv,2021-11-03,realmecarein," Hi Manish, we would like to inform you that realme 8i do not support carrier aggregation 4G+ due to hardware limitation.",en,0,0,0,[],https://twitter.com/realmecareIN/status/1455853253057564673
342,realme 8i.csv,2021-11-03,realmeindia,Reflection of our 'WONDER-ful' heritage!    by Akash Pratap Singh      Buy now:    ,en,11,21,371,"['shotonrealme', 'realme8i', 'infinitelysmooth']",https://twitter.com/realmeIndia/status/1455784306534588417
343,realme 8i.csv,2021-11-01,gadgets360,Realme 8i review: All-rounder on a budget?     ,en,1,2,27,[],https://twitter.com/Gadgets360/status/1455030588352593932
344,realme 8i.csv,2021-10-28,realmecarein," Hi Shubhadip, we would like to inform you that the realme 8i does not support 4G+ carrier aggregation. Thank you for your understanding.",en,1,0,1,[],https://twitter.com/realmecareIN/status/1453643437383749635
345,realme 8i.csv,2021-10-28,realmeindia,Ratings that show the love we receive from our users! The  has a Rating of 4.5‚≠êwhich is a testament to its performance and looks.      Buy now:    ,en,15,41,296,"['realme8i', 'infinitelysmooth']",https://twitter.com/realmeIndia/status/1453594878785376256
346,realme 8i.csv,2021-10-27,realmecarein," Hi Abhishek, thanks for sharing the details. Kindly note realme 8i doesn't support Dynamic RAM expansion in the 4 + 64GB variant. In realme 8i it supports in Dynamic RAM expansion in the 6 + 124GB variant. Thanks for understanding.",en,0,0,1,[],https://twitter.com/realmecareIN/status/1453354831100456961
347,oppo a15s.csv,2021-11-08,colorosglobal," Stay tuned with us, Divyanshu. The ColorOS 11 update for OPPO A15s will be available. We appreciate your support!",en,0,0,0,[],https://twitter.com/colorosglobal/status/1457606774463270912
348,oppo a15s.csv,2021-11-04,colorosglobal, Hey there! The ColorOS 11 update for OPPO A15s will be available. We appreciate your continued support.,en,1,0,0,[],https://twitter.com/colorosglobal/status/1456153465286238211
349,oppo a15s.csv,2021-11-01,oppocarein," Hi Piyush, currently there is no information available regarding the ColorOS 12 update for OPPO A15s. For any further announcements, kindly stay tuned to our social media channels. Thank you.",en,0,0,0,[],https://twitter.com/OPPOCareIN/status/1455037354683486209
350,oppo a15s.csv,2021-11-01,oppocarein," We are here to help you, Sachin. Any information regarding the Android 11 update for OPPO A15s is currently unavailable. Also, please connect with us via Direct Message so that we can assist you further regarding your concern.  ",en,0,0,0,[],https://twitter.com/OPPOCareIN/status/1455006350065344515
351,oppo a15s.csv,2021-10-30,colorosglobal," OPPO A15s will receive the official version for ColorOS 11. Stay connected with us for further update announcements, Divyanshu!",en,1,0,0,[],https://twitter.com/colorosglobal/status/1454271843242856455
352,oppo a15s.csv,2021-10-26,oppocarein," Hi Divyanshu, currently there is no information available regarding the ColorOS 11 update for OPPO A15s. Please stay tuned to our social media channels for any future announcements. Thank you.",en,0,0,0,[],https://twitter.com/OPPOCareIN/status/1452858780589330434
353,oppo a15s.csv,2021-10-25,colorosglobal," Hey there, Eylem! Thank you for your interest in ColorOS. The official ColorOS 11 version for OPPO A15s will be available. Stay connected with us for more news. We appreciate your support.",en,0,0,2,[],https://twitter.com/colorosglobal/status/1452452153973477379
354,oppo a15s.csv,2021-10-24,colorosglobal," Stay connected with us for further update announcements, Divyanshu. The ColorOS 11 official version for OPPO A15s will be available. We appreciate your understanding.",en,0,0,0,[],https://twitter.com/colorosglobal/status/1452192262750969858
355,oppo a15s.csv,2021-10-22,oppocarein," As informed earlier, there is no information is available regarding the Android 11 update for OPPO A15s. Request you to stay tuned to our social media channels for future announcements.",en,1,0,1,[],https://twitter.com/OPPOCareIN/status/1451485391928791044
356,oppo a15s.csv,2021-10-20,colorosglobal, We apologize if this has caused any inconvenience. The ColorOS 11 official version for OPPO A15s will be available Stay tuned for further update announcements!,en,0,0,0,[],https://twitter.com/colorosglobal/status/1450675211301425153
357,oppo a15s.csv,2021-10-13,oppocarein," Hi Piyush, please be informed that any information regarding the Android 11 for OPPO A15s is currently unavailable. Request you to stay tuned to our social media handles for further updates. Thank you.",en,0,0,1,[],https://twitter.com/OPPOCareIN/status/1448186526706274304
358,oppo a15s.csv,2021-10-13,oppocarein," Hey,¬†please be informed that currently, no information is available regarding the ColorOS 11 update for OPPO A15s. Please stay tuned to our social media channels for further updates on the same.",en,0,0,0,[],https://twitter.com/OPPOCareIN/status/1448133006187585546
359,oppo a15s.csv,2021-09-30,colorosglobal,"  Greetings, Shivam! The ColorOS 11 update for OPPO A15s will be available. Stay tuned for further news and updates!",en,0,0,0,[],https://twitter.com/colorosglobal/status/1443468471547875328
