,Product Name,Variant,Base Price (INR),Discount (%),Discounted Price (INR),Average Rating (5),Number of Ratings,URL
0,Apple iPhone 11 ,"64GB ROM, 4GB RAM, MHDF3HN/A, Purple",49900.00,,,4.5,9.17K,https://www.croma.com/apple-iphone-11-64gb-rom-4gb-ram-mhdf3hn-a-purple-/p/230110
1,Apple iPhone 11 ,"64GB ROM, 4GB RAM, MHDA3HN/A, Black",49900.00,,,4.5,9.24K,https://www.croma.com/apple-iphone-11-64gb-rom-4gb-ram-mhda3hn-a-black-/p/230106
2,Apple iPhone 13 Pro Max ,"1TB ROM, MLLN3HN/A, Sierra Blue",179900.00,,,4.6,73,https://www.croma.com/apple-iphone-13-pro-max-1tb-rom-mlln3hn-a-sierra-blue-/p/243538
3,Apple iPhone 13 Pro Max ,"1TB ROM, MLLM3HN/A, Gold",179900.00,,,4.6,73,https://www.croma.com/apple-iphone-13-pro-max-1tb-rom-mllm3hn-a-gold-/p/243537
4,Apple iPhone 13 Pro Max ,"256GB ROM, MLLE3HN/A, Sierra Blue",139900.00,,,4.8,80,https://www.croma.com/apple-iphone-13-pro-max-256gb-rom-mlle3hn-a-sierra-blue-/p/243530
5,Apple iPhone 13 Pro Max ,"256GB ROM, MLLC3HN/A, Silver",139900.00,,,4.6,73,https://www.croma.com/apple-iphone-13-pro-max-256gb-rom-mllc3hn-a-silver-/p/243528
6,Apple iPhone 13 Pro Max ,"256GB ROM, MLLA3HN/A, Graphite",139900.00,,,4.6,73,https://www.croma.com/apple-iphone-13-pro-max-256gb-rom-mlla3hn-a-graphite-/p/243527
7,Apple iPhone 13 Pro ,"1TB ROM, MLW03HN/A, Sierra Blue",169900.00,,,4.5,26,https://www.croma.com/apple-iphone-13-pro-1tb-rom-mlw03hn-a-sierra-blue-/p/243525
8,Apple iPhone 13 Pro Max ,"128GB ROM, MLL83HN/A, Gold",129900.00,,,4.8,74,https://www.croma.com/apple-iphone-13-pro-max-128gb-rom-mll83hn-a-gold-/p/243524
9,Apple iPhone 13 Pro ,"1TB ROM, MLVV3HN/A, Graphite",169900.00,,,4.5,26,https://www.croma.com/apple-iphone-13-pro-1tb-rom-mlvv3hn-a-graphite-/p/243520
10,Apple iPhone 13 Pro ,"512GB ROM, MLVQ3HN/A, Gold",149900.00,,,4.5,26,https://www.croma.com/apple-iphone-13-pro-512gb-rom-mlvq3hn-a-gold-/p/243518
11,Apple iPhone 13 Pro ,"128GB ROM, MLVC3HN/A, Gold",119900.00,,,4.8,27,https://www.croma.com/apple-iphone-13-pro-128gb-rom-mlvc3hn-a-gold-/p/243509
12,Apple iPhone 13 mini ,"512GB ROM, 6GBRAM, MLKF3HN/A, Blue",99900.00,,,4.5,42,https://www.croma.com/apple-iphone-13-mini-512gb-rom-6gbram-mlkf3hn-a-blue-/p/243505
13,Apple iPhone 13 mini ,"512GB ROM, MLKA3HN/A, Midnight Black",99900.00,,,4.5,42,https://www.croma.com/apple-iphone-13-mini-512gb-rom-mlka3hn-a-midnight-black-/p/243494
14,Apple iPhone 13 mini ,"256GB ROM, MLK93HN/A, Blue",79900.00,,,4.8,43,https://www.croma.com/apple-iphone-13-mini-256gb-rom-mlk93hn-a-blue-/p/243493
15,"Apple iPhone 13 mini (256GB ROM, MLK83HN/A, ","256GB ROM, MLK83HN/A, ProductRed",79900.00,,,4.5,42,https://www.croma.com/apple-iphone-13-mini-256gb-rom-mlk83hn-a-product-red-/p/243492
16,Apple iPhone 13 mini ,"256GB ROM, MLK63HN/A, Starlight White",79900.00,,,4.5,42,https://www.croma.com/apple-iphone-13-mini-256gb-rom-mlk63hn-a-starlight-white-/p/243490
17,Apple iPhone 13 mini ,"256GB ROM, MLK73HN/A, Pink",79900.00,,,4.5,42,https://www.croma.com/apple-iphone-13-mini-256gb-rom-mlk73hn-a-pink-/p/243491
18,Apple iPhone 13 mini ,"256GB ROM, MLK53HN/A, Midnight Black",79900.00,,,4.5,42,https://www.croma.com/apple-iphone-13-mini-256gb-rom-mlk53hn-a-midnight-black-/p/243489
19,Apple iPhone 13 Mini ,"128GB ROM, MLK43HN/A, Blue",69900.00,,,4.0,44,https://www.croma.com/apple-iphone-13-mini-128gb-rom-mlk43hn-a-blue-/p/243488
20,"Apple iPhone 13 Mini (128GB ROM, MLK33HN/A, ","128GB ROM, MLK33HN/A, PRODUCTRED",69900.00,,,4.5,42,https://www.croma.com/apple-iphone-13-mini-128gb-rom-mlk33hn-a-product-red-/p/243487
21,Apple iPhone 13 mini ,"128GB ROM, 6GB, MLK13HN/A, Starlight White",69900.00,,,4.8,43,https://www.croma.com/apple-iphone-13-mini-128gb-rom-6gb-mlk13hn-a-starlight-white-/p/243484
22,Apple iPhone 13 mini ,"128GB ROM, MLK03HN/A, Midnight Black",69900.00,,,4.8,43,https://www.croma.com/apple-iphone-13-mini-128gb-rom-mlk03hn-a-midnight-black-/p/243483
23,Apple iPhone 13 ,"512GB ROM, MLQG3HN/A, Blue",109900.00,,,3.9,63,https://www.croma.com/apple-iphone-13-512gb-rom-mlqg3hn-a-blue-/p/243476
24,Apple iPhone 13 ,"256GB ROM, MLQA3HN/A, Blue",89900.00,,,4.3,79,https://www.croma.com/apple-iphone-13-256gb-rom-mlqa3hn-a-blue-/p/243468
25,"Apple iPhone 13 (256GB ROM, MLQ93HN/A, ","256GB ROM, MLQ93HN/A, ProductRed",89900.00,,,4.3,67,https://www.croma.com/apple-iphone-13-256gb-rom-mlq93hn-a-product-red-/p/243467
26,"Apple iPhone 13 (512GB ROM, MLQF3HN/A, ","512GB ROM, MLQF3HN/A, ProductRed",109900.00,,,3.9,63,https://www.croma.com/apple-iphone-13-512gb-rom-mlqf3hn-a-product-red-/p/243472
27,Apple iPhone 13 ,"512GB ROM, MLQE3HN/A, Pink",109900.00,,,3.9,63,https://www.croma.com/apple-iphone-13-512gb-rom-mlqe3hn-a-pink-/p/243471
28,Apple iPhone 13 ,"512GB ROM, MLQC3HN/A, Midnight Black",109900.00,,,3.9,63,https://www.croma.com/apple-iphone-13-512gb-rom-mlqc3hn-a-midnight-black-/p/243469
29,Apple iPhone 13 ,"512GB ROM, MLQD3HN/A, Starlight White",109900.00,,,3.9,63,https://www.croma.com/apple-iphone-13-512gb-rom-mlqd3hn-a-starlight-white-/p/243470
30,Apple iPhone 13 ,"256GB ROM, MLQ83HN/A, Pink",89900.00,,,4.1,73,https://www.croma.com/apple-iphone-13-256gb-rom-mlq83hn-a-pink-/p/243466
31,Apple iPhone 13 ,"256GB ROM, MLQ73HN/A, Starlight White",89900.00,,,4.5,68,https://www.croma.com/apple-iphone-13-256gb-rom-mlq73hn-a-starlight-white-/p/243465
32,Apple iPhone 13 ,"256GB ROM, MLQ63HN/A, Midnight Black",89900.00,,,4.5,73,https://www.croma.com/apple-iphone-13-256gb-rom-mlq63hn-a-midnight-black-/p/243464
33,Apple iPhone 13 ,"128GB ROM, MLPK3HN/A, Blue",79900.00,,,4.4,74,https://www.croma.com/apple-iphone-13-128gb-rom-mlpk3hn-a-blue-/p/243463
34,"Apple iPhone 13 (128GB ROM, MLPJ3HN/A, ","128GB ROM, MLPJ3HN/A, ProductRed",79900.00,,,4.5,69,https://www.croma.com/apple-iphone-13-128gb-rom-mlpj3hn-a-product-red-/p/243462
35,Apple iPhone 13 ,"128GB ROM, MLPH3HN/A, Pink",79900.00,,,4.5,67,https://www.croma.com/apple-iphone-13-128gb-rom-mlph3hn-a-pink-/p/243461
36,Apple iPhone 13 ,"128GB ROM, MLPF3HN/A, Midnight Black",79900.00,,,4.3,71,https://www.croma.com/apple-iphone-13-128gb-rom-mlpf3hn-a-midnight-black-/p/243459
37,Apple iPhone 12 ,"128GB ROM, 4GB RAM, MJNP3HN/A, Purple",70900.00,6.0,65990.00,4.6,1.32K,https://www.croma.com/apple-iphone-12-128gb-rom-4gb-ram-mjnp3hn-a-purple-/p/234253
38,Apple iPhone 12 ,"64GB ROM, 4GB RAM, MJNM3HN/A, Purple",65900.00,6.0,61290.00,4.1,1.31K,https://www.croma.com/apple-iphone-12-64gb-rom-4gb-ram-mjnm3hn-a-purple-/p/234252
39,Apple iPhone XR ,"128GB ROM, 3GB RAM, MH7M3HN/A, White",52900.00,7.0,48999.00,3.6,4.99K,https://www.croma.com/apple-iphone-xr-128gb-rom-3gb-ram-mh7m3hn-a-white-/p/230131
40,Apple iPhone XR ,"128GB ROM, 3GB RAM, MH7L3HN/A, Black",52900.00,7.0,48999.00,4.6,4.99K,https://www.croma.com/apple-iphone-xr-128gb-rom-3gb-ram-mh7l3hn-a-black-/p/230130
41,"Apple iPhone XR (64GB ROM, 3GB RAM, MH6P3HN/A, ","64GB ROM, 3GB RAM, MH6P3HN/A, ProductRed",47900.00,6.0,44990.00,4.5,4.98K,https://www.croma.com/apple-iphone-xr-64gb-rom-3gb-ram-mh6p3hn-a-product-red-/p/230126
42,Apple iPhone XR ,"64GB ROM, 3GB RAM, MH6M3HN/A, Black",47900.00,6.0,44990.00,4.6,4.99K,https://www.croma.com/apple-iphone-xr-64gb-rom-3gb-ram-mh6m3hn-a-black-/p/230124
43,Apple iPhone 11 ,"128GB ROM, 4GB RAM, MHDN3HN/A, Green",54900.00,,,4.6,9.21K,https://www.croma.com/apple-iphone-11-128gb-rom-4gb-ram-mhdn3hn-a-green-/p/230117
44,Apple iPhone 11 ,"128GB ROM, 4GB RAM, MHDM3HN/A, Purple",54900.00,,,4.6,9.19K,https://www.croma.com/apple-iphone-11-128gb-rom-4gb-ram-mhdm3hn-a-purple-/p/230116
45,Apple iPhone 11 ,"128GB ROM, 4GB RAM, MHDJ3HN/A, White",54900.00,,,4.5,9.25K,https://www.croma.com/apple-iphone-11-128gb-rom-4gb-ram-mhdj3hn-a-white-/p/230113
46,"Apple iPhone 11 (128GB ROM, 4GB RAM, MHDK3HN/A, ","128GB ROM, 4GB RAM, MHDK3HN/A, ProductRed",54900.00,,,4.6,9.17K,https://www.croma.com/apple-iphone-11-128gb-rom-4gb-ram-mhdk3hn-a-product-red-/p/230114
47,Apple iPhone 11 ,"64GB ROM, 4GB RAM, MHDG3HN/A, Green",49900.00,,,4.4,9.17K,https://www.croma.com/apple-iphone-11-64gb-rom-4gb-ram-mhdg3hn-a-green-/p/230111
48,Apple iPhone 11 ,"128GB ROM, 4GB RAM, MHDH3HN/A, Black",54900.00,,,4.5,9.24K,https://www.croma.com/apple-iphone-11-128gb-rom-4gb-ram-mhdh3hn-a-black-/p/230112
49,Apple iPhone 11 ,"64GB ROM, 4GB RAM, MHDC3HN/A, White",49900.00,,,4.6,9.21K,https://www.croma.com/apple-iphone-11-64gb-rom-4gb-ram-mhdc3hn-a-white-/p/230107
50,Apple iPhone SE ,"128GB ROM, 3GB RAM, MHGT3HN/A, Black",44900.00,4.0,42999.00,4.4,133,https://www.croma.com/apple-iphone-se-128gb-rom-3gb-ram-mhgt3hn-a-black-/p/230092
51,Apple iPhone SE ,"128GB ROM, 3GB RAM, MHGU3HN/A, White",44900.00,4.0,42999.00,4.2,136,https://www.croma.com/apple-iphone-se-128gb-rom-3gb-ram-mhgu3hn-a-white-/p/230093
52,"Apple iPhone SE (64GB ROM, 3GB RAM, MHGR3HN/A, ","64GB ROM, 3GB RAM, MHGR3HN/A, ProductRed",39900.00,4.0,37999.00,4.4,1.81K,https://www.croma.com/apple-iphone-se-64gb-rom-3gb-ram-mhgr3hn-a-product-red-/p/230091
53,Apple iPhone SE ,"64GB ROM, 3GB RAM, MHGQ3HN/A, White",39900.00,4.0,37999.00,4.3,136,https://www.croma.com/apple-iphone-se-64gb-rom-3gb-ram-mhgq3hn-a-white-/p/230090
54,Apple iPhone SE ,"64GB ROM, 3GB RAM, MHGP3HN/A, Black",39900.00,4.0,37999.00,3.5,133,https://www.croma.com/apple-iphone-se-64gb-rom-3gb-ram-mhgp3hn-a-black-/p/230089
55,Apple iPhone 12 Pro Max ,"128GB ROM, 6GB RAM, MGD73HN/A, Graphite",119900.00,8.0,109999.00,4.8,405,https://www.croma.com/apple-iphone-12-pro-max-128gb-rom-6gb-ram-mgd73hn-a-graphite-/p/229961
56,Apple iPhone 12 Pro Max ,"256GB ROM, 6GB RAM, MGDF3HN/A, Pacific Blue",129900.00,7.0,119999.00,4.7,413,https://www.croma.com/apple-iphone-12-pro-max-256gb-rom-6gb-ram-mgdf3hn-a-pacific-blue-/p/229968
57,Apple iPhone 12 Pro ,"512GB ROM, 6GB RAM, MGMV3HN/A, Silver",139900.00,18.0,113900.00,4.5,649,https://www.croma.com/apple-iphone-12-pro-512gb-rom-6gb-ram-mgmv3hn-a-silver-/p/229958
58,Apple iPhone 12 Pro ,"256GB ROM, 6GB RAM, MGMT3HN/A, Pacific Blue",119900.00,12.0,104900.00,4.5,659,https://www.croma.com/apple-iphone-12-pro-256gb-rom-6gb-ram-mgmt3hn-a-pacific-blue-/p/229956
59,Apple iPhone 12 Pro ,"256GB ROM, 6GB RAM, MGMR3HN/A, Gold",119900.00,12.0,104900.00,4.2,651,https://www.croma.com/apple-iphone-12-pro-256gb-rom-6gb-ram-mgmr3hn-a-gold-/p/229955
60,Apple iPhone 12 Pro ,"256GB ROM, 6GB RAM, MGMQ3HN/A, Silver",119900.00,12.0,104900.00,4.5,649,https://www.croma.com/apple-iphone-12-pro-256gb-rom-6gb-ram-mgmq3hn-a-silver-/p/229954
61,Apple iPhone 12 Pro ,"256GB ROM, 6GB RAM, MGMP3HN/A, Graphite",119900.00,12.0,104900.00,4.3,655,https://www.croma.com/apple-iphone-12-pro-256gb-rom-6gb-ram-mgmp3hn-a-graphite-/p/229953
62,Apple iPhone 12 Pro ,"128GB ROM, 6GB RAM, MGMM3HN/A, Gold",109900.00,9.0,99990.00,4.5,657,https://www.croma.com/apple-iphone-12-pro-128gb-rom-6gb-ram-mgmm3hn-a-gold-/p/229951
63,Apple iPhone 12 Pro ,"128GB ROM, 6GB RAM, MGMK3HN/A, Graphite",109900.00,9.0,99990.00,4.5,654,https://www.croma.com/apple-iphone-12-pro-128gb-rom-6gb-ram-mgmk3hn-a-graphite-/p/229949
64,"Apple iPhone 12 Mini (128GB ROM, 4GB RAM, MGE53HN/A, ","128GB ROM, 4GB RAM, MGE53HN/A, ProductRed",64900.00,8.0,59490.00,4.7,504,https://www.croma.com/apple-iphone-12-mini-128gb-rom-4gb-ram-mge53hn-a-product-red-/p/229941
65,Apple iPhone 12 Mini ,"64GB ROM, 4GB RAM, MGE23HN/A, Green",59900.00,9.0,54499.00,4.5,495,https://www.croma.com/apple-iphone-12-mini-64gb-rom-4gb-ram-mge23hn-a-green-/p/229938
66,"Apple iPhone 12 Mini (64GB ROM, 4GB RAM, MGE03HN/A, ","64GB ROM, 4GB RAM, MGE03HN/A, ProductRed",59900.00,9.0,54499.00,4.8,495,https://www.croma.com/apple-iphone-12-mini-64gb-rom-4gb-ram-mge03hn-a-product-red-/p/229936
67,Apple iPhone 12 ,"128GB ROM, 4GB RAM, MGJE3HN/A, Blue",70900.00,6.0,65990.00,4.6,1.4K,https://www.croma.com/apple-iphone-12-128gb-rom-4gb-ram-mgje3hn-a-blue-/p/229927
68,Apple iPhone 12 ,"128GB ROM, 4GB RAM, MGJC3HN/A, White",70900.00,6.0,65990.00,4.7,1.35K,https://www.croma.com/apple-iphone-12-128gb-rom-4gb-ram-mgjc3hn-a-white-/p/229925
69,Apple iPhone 12 ,"128GB ROM, 4GB RAM, MGJF3HN/A, Green",70900.00,6.0,65990.00,4.5,1.33K,https://www.croma.com/apple-iphone-12-128gb-rom-4gb-ram-mgjf3hn-a-green-/p/229928
70,"Apple iPhone 12 (128GB ROM, 4GB RAM, MGJD3HN/A, ","128GB ROM, 4GB RAM, MGJD3HN/A, ProductRed",70900.00,6.0,65990.00,4.8,1.32K,https://www.croma.com/apple-iphone-12-128gb-rom-4gb-ram-mgjd3hn-a-product-red-/p/229926
71,Apple iPhone 12 ,"64GB ROM, 4GB RAM, MGJ53HN/A, Black",65900.00,6.0,61290.00,4.4,1.33K,https://www.croma.com/apple-iphone-12-64gb-rom-4gb-ram-mgj53hn-a-black-/p/229869
72,Apple iPhone 12 ,"128GB ROM, 4GB RAM, MGJA3HN/A, Black",70900.00,6.0,65990.00,4.5,1.36K,https://www.croma.com/apple-iphone-12-128gb-rom-4gb-ram-mgja3hn-a-black-/p/229924
73,Apple iPhone 12 ,"64GB ROM, 4GB RAM, MGJ93HN/A, Green",65900.00,6.0,61290.00,4.8,1.31K,https://www.croma.com/apple-iphone-12-64gb-rom-4gb-ram-mgj93hn-a-green-/p/229923
74,"Apple iPhone 12 (64GB ROM, 4GB RAM, MGJ73HN/A, ","64GB ROM, 4GB RAM, MGJ73HN/A, ProductRed",65900.00,6.0,61290.00,4.6,1.32K,https://www.croma.com/apple-iphone-12-64gb-rom-4gb-ram-mgj73hn-a-product-red-/p/229921
75,Apple iPhone 12 ,"64GB ROM, 4GB RAM, MGJ83HN/A, Blue",65900.00,6.0,61290.00,4.6,1.34K,https://www.croma.com/apple-iphone-12-64gb-rom-4gb-ram-mgj83hn-a-blue-/p/229922
76,Apple iPhone 12 ,"64GB ROM, 4GB RAM, MGJ63HN/A, White",65900.00,6.0,61290.00,4.8,1.32K,https://www.croma.com/apple-iphone-12-64gb-rom-4gb-ram-mgj63hn-a-white-/p/229920
77,Apple iPhone SE ,"256GB ROM, 3GB RAM, MXVU2HN/A, White",58300.00,5.0,54900.00,4.4,1.81K,https://www.croma.com/apple-iphone-se-256gb-rom-3gb-ram-mxvu2hn-a-white-/p/225726
78,"Apple iPhone SE (128GB ROM, 3GB RAM, MXD22HN/A, ","128GB ROM, 3GB RAM, MXD22HN/A, ProductRed",44900.00,4.0,42999.00,4.4,1.82K,https://www.croma.com/apple-iphone-se-128gb-rom-3gb-ram-mxd22hn-a-product-red-/p/225724
79,Apple iPhone SE ,"128GB ROM, 3GB RAM, MXD12HN/A, White",44900.00,4.0,42999.00,4.7,1.82K,https://www.croma.com/apple-iphone-se-128gb-rom-3gb-ram-mxd12hn-a-white-/p/225723
80,Apple iPhone SE 2nd Gen ,"128GB ROM, 3GB RAM, MXD02HN/A, Black",44900.00,4.0,42999.00,4.4,1.83K,https://www.croma.com/apple-iphone-se-2nd-gen-128gb-rom-3gb-ram-mxd02hn-a-black-/p/225722
81,Apple iPhone SE ,"64GB ROM, 3GB RAM, MX9T2HN/A, White",39900.00,4.0,37999.00,4.4,1.83K,https://www.croma.com/apple-iphone-se-64gb-rom-3gb-ram-mx9t2hn-a-white-/p/225720
82,Apple iPhone XR ,"128GB ROM, 3GB RAM, MRY92HN/A, Black",52900.00,7.0,48999.00,4.6,5.05K,https://www.croma.com/apple-iphone-xr-128gb-rom-3gb-ram-mry92hn-a-black-/p/214097
83,Apple iPhone XR ,"128GB ROM, 3GB RAM, MRYD2HN/A, White",52900.00,7.0,48999.00,4.6,5.02K,https://www.croma.com/apple-iphone-xr-128gb-rom-3gb-ram-mryd2hn-a-white-/p/214099
84,Samsung Galaxy M52 5G ,"128 GB, 8 GB RAM, Black",31999.00,15.0,26999.00,0.0,0,https://www.croma.com/samsung-galaxy-m52-5g-128-gb-8-gb-ram-black-/p/244944
85,Samsung Galaxy M52 5G ,"128GB ROM, 8GB RAM, Blue",31999.00,15.0,26999.00,0.0,0,https://www.croma.com/samsung-galaxy-m52-5g-128gb-rom-8gb-ram-blue-/p/244943
86,Samsung Galaxy M52 5G ,"128GB ROM, 6GB RAM, Black",29999.00,16.0,24999.00,0.0,0,https://www.croma.com/samsung-galaxy-m52-5g-128gb-rom-6gb-ram-black-/p/244942
87,Samsung Galaxy M52 5G ,"128GB ROM, 6GB RAM, Blue",29999.00,16.0,24999.00,0.0,0,https://www.croma.com/samsung-galaxy-m52-5g-128gb-rom-6gb-ram-blue-/p/244941
88,Samsung Galaxy A52s 5G ,"128GB ROM, 8GB RAM, SM-A528BLVGINS, Light Violet",40999.00,8.0,37499.00,4.3,69,https://www.croma.com/samsung-galaxy-a52s-5g-128gb-rom-8gb-ram-sm-a528blvgins-light-violet-/p/242569
89,Samsung Galaxy A52s 5G ,"128GB ROM, 8GB RAM, SM-A528BZWGINS, White",40999.00,8.0,37499.00,4.7,71,https://www.croma.com/samsung-galaxy-a52s-5g-128gb-rom-8gb-ram-sm-a528bzwgins-white-/p/242611
90,Samsung Galaxy A52s 5G ,"128GB ROM, 8GB RAM, SM-A528BZKGINS, Black",40999.00,8.0,37499.00,4.2,84,https://www.croma.com/samsung-galaxy-a52s-5g-128gb-rom-8gb-ram-sm-a528bzkgins-black-/p/242610
91,Samsung Galaxy A52s 5G ,"128GB ROM, 6GB RAM, SM-A528BZKDINS, Black",38999.00,7.0,35999.00,4.4,71,https://www.croma.com/samsung-galaxy-a52s-5g-128gb-rom-6gb-ram-sm-a528bzkdins-black-/p/242567
92,Samsung Galaxy A52s 5G ,"128GB ROM, 6GB RAM, SM-A528BZWDINS, White",38999.00,7.0,35999.00,4.3,69,https://www.croma.com/samsung-galaxy-a52s-5g-128gb-rom-6gb-ram-sm-a528bzwdins-white-/p/242568
93,Samsung Galaxy A52s 5G ,"128GB ROM, 6GB RAM, SM-A528BLVDINS, Light Violet",38999.00,7.0,35999.00,4.3,69,https://www.croma.com/samsung-galaxy-a52s-5g-128gb-rom-6gb-ram-sm-a528blvdins-light-violet-/p/242566
94,Samsung Galaxy Z Fold3 5G ,"256GB ROM, 12GB RAM, SM-F926BZKDINU, Phantom Black",171999.00,12.0,149999.00,4.6,609,https://www.croma.com/samsung-galaxy-z-fold3-5g-256gb-rom-12gb-ram-sm-f926bzkdinu-phantom-black-/p/242287
95,Samsung Galaxy Z Flip3 5G ,"256GB ROM, 8GB RAM, SM-F711BZEEINU, Beige",99999.00,11.0,88999.00,4.6,89,https://www.croma.com/samsung-galaxy-z-flip3-5g-256gb-rom-8gb-ram-sm-f711bzeeinu-beige-/p/242284
96,Samsung Galaxy Z Fold3 5G ,"256GB ROM, 12GB RAM, SM-F926BZGDINU, Phantom Green",171999.00,12.0,149999.00,4.7,607,https://www.croma.com/samsung-galaxy-z-fold3-5g-256gb-rom-12gb-ram-sm-f926bzgdinu-phantom-green-/p/242286
97,Samsung Galaxy A03s ,"64GB ROM, 4GB RAM, SM-A037FZKGINS, Black",13499.00,11.0,11999.00,3.5,25,https://www.croma.com/samsung-galaxy-a03s-64gb-rom-4gb-ram-sm-a037fzkgins-black-/p/242399
98,Samsung Galaxy A03s ,"32GB ROM, 3GB RAM, SM-A037FZWDINS, White",12499.00,12.0,10999.00,3.9,23,https://www.croma.com/samsung-galaxy-a03s-32gb-rom-3gb-ram-sm-a037fzwdins-white-/p/242397
99,Samsung Galaxy A03s ,"64GB ROM, 4GB RAM, SM-A037FZBGINS, Blue",13499.00,11.0,11999.00,3.5,25,https://www.croma.com/samsung-galaxy-a03s-64gb-rom-4gb-ram-sm-a037fzbgins-blue-/p/242398
100,Samsung Galaxy A03s ,"32GB ROM, 3GB RAM, SM-A037FZBDINS, Blue",12499.00,12.0,10999.00,4.5,24,https://www.croma.com/samsung-galaxy-a03s-32gb-rom-3gb-ram-sm-a037fzbdins-blue-/p/242395
101,Samsung Galaxy A03s ,"32GB ROM, 3GB RAM, SM-A037FZKDINS, Black",12499.00,12.0,10999.00,4.5,24,https://www.croma.com/samsung-galaxy-a03s-32gb-rom-3gb-ram-sm-a037fzkdins-black-/p/242396
102,Samsung Galaxy A03s ,"64GB ROM, 4GB RAM, SM-A037FZWGINS, White",13499.00,11.0,11999.00,4.5,25,https://www.croma.com/samsung-galaxy-a03s-64gb-rom-4gb-ram-sm-a037fzwgins-white-/p/242400
103,Samsung Galaxy F02s ,"32GB ROM, 3GB RAM, SM-E025FDBEINS, Ceramic Blue",10499.00,9.0,9499.00,4.7,7,https://www.croma.com/samsung-galaxy-f02s-32gb-rom-3gb-ram-sm-e025fdbeins-ceramic-blue-/p/240583
104,Samsung Galaxy A22 5G ,"128GB ROM, 8GB RAM, SM-A226BLGJINS, Mint",24999.00,12.0,21999.00,4.0,18,https://www.croma.com/samsung-galaxy-a22-5g-128gb-rom-8gb-ram-sm-a226blgjins-mint-/p/241174
105,Samsung Galaxy A12 ,"128GB ROM, 6GB RAM, SM-A127FZWJINS, White",16499.00,9.0,14999.00,4.5,1.49K,https://www.croma.com/samsung-galaxy-a12-128gb-rom-6gb-ram-sm-a127fzwjins-white-/p/236960
106,Samsung Galaxy A12 ,"128GB ROM, 6GB RAM, SM-A127FZBJINS, Blue",16499.00,9.0,14999.00,3.9,1.49K,https://www.croma.com/samsung-galaxy-a12-128gb-rom-6gb-ram-sm-a127fzbjins-blue-/p/236958
107,Samsung Galaxy A12 ,"128GB ROM, 6GB RAM, SM-A127FZKJINS, Black",16499.00,9.0,14999.00,4.4,1.5K,https://www.croma.com/samsung-galaxy-a12-128gb-rom-6gb-ram-sm-a127fzkjins-black-/p/236959
108,Samsung Galaxy A22 5G ,"128GB ROM, 8GB RAM, SM-A226BZAJINS, Grey",24999.00,12.0,21999.00,4.3,19,https://www.croma.com/samsung-galaxy-a22-5g-128gb-rom-8gb-ram-sm-a226bzajins-grey-/p/235060
109,Samsung Galaxy A22 5G ,"128GB ROM, 6GB RAM, SM-A226BLGHINS, Mint",21999.00,9.0,19999.00,4.1,29,https://www.croma.com/samsung-galaxy-a22-5g-128gb-rom-6gb-ram-sm-a226blghins-mint-/p/234906
110,Samsung Galaxy A22 5G ,"128GB ROM, 6GB RAM, SM-A226BZAHINS, Grey",21999.00,9.0,19999.00,3.4,24,https://www.croma.com/samsung-galaxy-a22-5g-128gb-rom-6gb-ram-sm-a226bzahins-grey-/p/234908
111,Samsung Galaxy A22 5G ,"128GB ROM, 6GB RAM, SM-A226BLVHINS, Violet",21999.00,9.0,19999.00,4.2,22,https://www.croma.com/samsung-galaxy-a22-5g-128gb-rom-6gb-ram-sm-a226blvhins-violet-/p/234907
112,Samsung Galaxy A22 ,"128GB ROM, 6GB RAM, SM-A225FZKRINS, Black",18499.00,,,4.1,55,https://www.croma.com/samsung-galaxy-a22-128gb-rom-6gb-ram-sm-a225fzkrins-black-/p/234905
113,Samsung Galaxy A22 ,"128GB ROM, 6GB RAM, SM-A225FLGRINS, Mint",18499.00,,,4.0,24,https://www.croma.com/samsung-galaxy-a22-128gb-rom-6gb-ram-sm-a225flgrins-mint-/p/234904
114,Samsung S20 FE 5G ,"128GB ROM, 8GB RAM, SM-G781BZGG, Cloud Mint",74999.00,42.0,42990.00,4.5,11,https://www.croma.com/samsung-s20-fe-5g-128gb-rom-8gb-ram-sm-g781bzgg-cloud-mint-/p/233768
115,Samsung Galaxy S20 FE 5G ,"128GB ROM, 8GB RAM, SM-G781BZBG, Cloud Navy",74999.00,42.0,42990.00,4.5,3.23K,https://www.croma.com/samsung-galaxy-s20-fe-5g-128gb-rom-8gb-ram-sm-g781bzbg-cloud-navy-/p/233767
116,Samsung Galaxy A72 ,"128GB ROM, 8GB RAM, SM-A725FZKGINS, Awesome Black",34999.00,,,4.4,65,https://www.croma.com/samsung-galaxy-a72-128gb-rom-8gb-ram-sm-a725fzkgins-awesome-black-/p/233632
117,Samsung Galaxy A72 ,"128GB ROM, 8GB RAM, SM-A725FLVGINS, Awesome Violet",34999.00,,,4.6,57,https://www.croma.com/samsung-galaxy-a72-128gb-rom-8gb-ram-sm-a725flvgins-awesome-violet-/p/233630
118,Samsung Galaxy A52 ,"128GB ROM, 8GB RAM, SM-A525FZKHINS, Awesome Black",31999.00,9.0,28999.00,4.6,320,https://www.croma.com/samsung-galaxy-a52-128gb-rom-8gb-ram-sm-a525fzkhins-awesome-black-/p/233628
119,Samsung Galaxy A52 ,"128GB ROM, 8GB RAM, SM-A525FZBHINS, Awesome Blue",31999.00,9.0,28999.00,4.4,321,https://www.croma.com/samsung-galaxy-a52-128gb-rom-8gb-ram-sm-a525fzbhins-awesome-blue-/p/233627
120,Samsung Galaxy A52 ,"128GB ROM, 6GB RAM, SM-A525FZKGINS, Awesome Black",30499.00,9.0,27499.00,4.6,327,https://www.croma.com/samsung-galaxy-a52-128gb-rom-6gb-ram-sm-a525fzkgins-awesome-black-/p/233624
121,Samsung Galaxy A52 ,"128GB ROM, 6GB RAM, SM-A525FZBGINS, Awesome Blue",30499.00,9.0,27499.00,4.5,319,https://www.croma.com/samsung-galaxy-a52-128gb-rom-6gb-ram-sm-a525fzbgins-awesome-blue-/p/233623
122,Samsung Galaxy M12 ,"128GB ROM, 6GB RAM, SM-M127GZKHINS, Black",15499.00,12.0,13499.00,4.3,12,https://www.croma.com/samsung-galaxy-m12-128gb-rom-6gb-ram-sm-m127gzkhins-black-/p/233576
123,Samsung Galaxy M12 ,"64GB ROM, 4GB RAM, SM-M127GZWGINS, White",12999.00,15.0,10999.00,4.0,6,https://www.croma.com/samsung-galaxy-m12-64gb-rom-4gb-ram-sm-m127gzwgins-white-/p/233574
124,Samsung Galaxy F62 ,"128GB ROM, 6GB RAM, SM-E625FZGDINS, Green",29999.00,20.0,23999.00,5.0,9,https://www.croma.com/samsung-galaxy-f62-128gb-rom-6gb-ram-sm-e625fzgdins-green-/p/233386
125,Samsung Galaxy A32 ,"128GB ROM, 6GB RAM, SM-A325FZKHINS, Awesome Black",24999.00,12.0,21999.00,4.1,214,https://www.croma.com/samsung-galaxy-a32-128gb-rom-6gb-ram-sm-a325fzkhins-awesome-black-/p/233005
126,Samsung Galaxy A32 ,"128GB ROM, 6GB RAM, SM-A325FZBHINS, Awesome Blue",24999.00,12.0,21999.00,4.1,197,https://www.croma.com/samsung-galaxy-a32-128gb-rom-6gb-ram-sm-a325fzbhins-awesome-blue-/p/233004
127,Samsung Galaxy A12 ,"128GB ROM, 4GB RAM, SM-A125FZBHINS, Blue",14999.00,,,3.7,1.49K,https://www.croma.com/samsung-galaxy-a12-128gb-rom-4gb-ram-sm-a125fzbhins-blue-/p/232724
128,Samsung Galaxy A12 ,"64GB ROM, 4GB RAM, SM-A125FZWGINS, White",13999.00,7.0,12999.00,4.0,1.5K,https://www.croma.com/samsung-galaxy-a12-64gb-rom-4gb-ram-sm-a125fzwgins-white-/p/232723
129,Samsung Galaxy A12 ,"64GB ROM, 4GB RAM, SM-A125FZKGINS, Black",13999.00,7.0,12999.00,4.1,1.52K,https://www.croma.com/samsung-galaxy-a12-64gb-rom-4gb-ram-sm-a125fzkgins-black-/p/232722
130,Samsung Galaxy A12 ,"64GB ROM, 4GB RAM, SM-A125FZBGINS, Blue",13999.00,7.0,12999.00,4.2,1.5K,https://www.croma.com/samsung-galaxy-a12-64gb-rom-4gb-ram-sm-a125fzbgins-blue-/p/232721
131,Samsung Galaxy M02 ,"32GB ROM, 3GB RAM, SM-M022GZKDINS, Black",10499.00,19.0,8499.00,4.2,8,https://www.croma.com/samsung-galaxy-m02-32gb-rom-3gb-ram-sm-m022gzkdins-black-/p/232409
132,Samsung Galaxy M02 ,"32GB ROM, 3GB RAM, SM-M022GZBDINS, Blue",10499.00,19.0,8499.00,4.0,14,https://www.croma.com/samsung-galaxy-m02-32gb-rom-3gb-ram-sm-m022gzbdins-blue-/p/232408
133,Samsung Galaxy M02 ,"32GB ROM, 3GB RAM, SM-M022GZADINS, Grey",10499.00,19.0,8499.00,4.2,11,https://www.croma.com/samsung-galaxy-m02-32gb-rom-3gb-ram-sm-m022gzadins-grey-/p/232407
134,Samsung Galaxy M02 ,"32GB ROM, 2GB RAM, SM-M022GZKBINS, Black",7999.00,,,4.3,8,https://www.croma.com/samsung-galaxy-m02-32gb-rom-2gb-ram-sm-m022gzkbins-black-/p/232405
135,Samsung Galaxy M02 ,"32GB ROM, 2GB RAM, SM-M022GZABINS, Grey",7999.00,,,4.6,3,https://www.croma.com/samsung-galaxy-m02-32gb-rom-2gb-ram-sm-m022gzabins-grey-/p/232403
136,Samsung Galaxy M02 ,"32GB ROM, 2GB RAM, SM-M022GZBBINS, Blue",7999.00,,,4.1,13,https://www.croma.com/samsung-galaxy-m02-32gb-rom-2gb-ram-sm-m022gzbbins-blue-/p/232404
137,Samsung Galaxy M02s ,"32GB ROM, 3GB RAM, SM-M025FZREINS, Red",10499.00,9.0,9499.00,4.2,6,https://www.croma.com/samsung-galaxy-m02s-32gb-rom-3gb-ram-sm-m025fzreins-red-/p/231860
138,Samsung Galaxy M02s ,"32GB ROM, 3GB RAM, SM-M025FZKEINS, Black",10499.00,9.0,9499.00,4.4,5,https://www.croma.com/samsung-galaxy-m02s-32gb-rom-3gb-ram-sm-m025fzkeins-black-/p/231859
139,Samsung Galaxy M02s ,"32GB ROM, 3GB RAM, SM-M025FZBEINS, Blue",10499.00,10.0,9449.00,4.2,8,https://www.croma.com/samsung-galaxy-m02s-32gb-rom-3gb-ram-sm-m025fzbeins-blue-/p/231858
140,Samsung Galaxy S21 ,"128GB ROM, 8GB RAM, SM-G991BZVDINU, Phantom Violet",83999.00,34.0,54999.00,3.6,477,https://www.croma.com/samsung-galaxy-s21-128gb-rom-8gb-ram-sm-g991bzvdinu-phantom-violet-/p/231877
141,Samsung Galaxy S21 ,"128GB ROM, 8GB RAM, SM-G991BZADINU, Phantom Gray",83999.00,34.0,54999.00,4.6,477,https://www.croma.com/samsung-galaxy-s21-128gb-rom-8gb-ram-sm-g991bzadinu-phantom-gray-/p/231876
142,Samsung Galaxy S21 Plus ,"128GB ROM, 8GB RAM, SM-G996BZVDINU, Phantom Violet",100999.00,38.0,61999.00,4.1,476,https://www.croma.com/samsung-galaxy-s21-plus-128gb-rom-8gb-ram-sm-g996bzvdinu-phantom-violet-/p/231872
143,Samsung Galaxy S21 Plus ,"128GB ROM, 8GB RAM, SM-G996BZSDINU, Phantom Silver",100999.00,38.0,61999.00,4.6,477,https://www.croma.com/samsung-galaxy-s21-plus-128gb-rom-8gb-ram-sm-g996bzsdinu-phantom-silver-/p/231871
144,Samsung Galaxy S21 Plus ,"128GB ROM, 8GB RAM, SM-G996BZKDINU, Phantom Black",100999.00,38.0,61999.00,3.4,477,https://www.croma.com/samsung-galaxy-s21-plus-128gb-rom-8gb-ram-sm-g996bzkdinu-phantom-black-/p/231870
145,Samsung Galaxy S21 Ultra ,"256GB ROM, 12GB RAM, SM-G998BZKGINU, Phantom Black",128999.00,33.0,85999.00,4.3,495,https://www.croma.com/samsung-galaxy-s21-ultra-256gb-rom-12gb-ram-sm-g998bzkginu-phantom-black-/p/231865
146,Samsung Galaxy A21s ,"128GB ROM, 6GB RAM, A217FF, Black",17999.00,2.0,17499.00,3.7,108,https://www.croma.com/samsung-galaxy-a21s-128gb-rom-6gb-ram-a217ff-black-/p/229732
147,Samsung Galaxy S20 FE ,"128GB ROM, 8GB RAM, G780FN, Cloud Navy",65999.00,42.0,37999.00,4.0,3.21K,https://www.croma.com/samsung-galaxy-s20-fe-128gb-rom-8gb-ram-g780fn-cloud-navy-/p/229571
148,Samsung Galaxy S20 FE ,"128GB ROM, 8GB RAM, G780FN, Cloud Mint",65999.00,42.0,37999.00,4.3,3.21K,https://www.croma.com/samsung-galaxy-s20-fe-128gb-rom-8gb-ram-g780fn-cloud-mint-/p/229573
149,Samsung Galaxy Note20 Ultra ,"256GB ROM, 12GB RAM, SM-N986BZNGINS, Mystic Bronze",116000.00,35.0,74999.00,4.4,1.31K,https://www.croma.com/samsung-galaxy-note20-ultra-256gb-rom-12gb-ram-sm-n986bzngins-mystic-bronze-/p/228191
150,Samsung Galaxy M01 Core ,"16GB ROM, 1GB RAM, Blue",6500.00,20.0,5199.00,4.3,11,https://www.croma.com/samsung-galaxy-m01-core-16gb-rom-1gb-ram-blue-/p/227532
151,Samsung Galaxy A21s ,"64 GB ROM, 6 GB RAM, Blue",19999.00,30.0,13999.00,4.2,134,https://www.croma.com/samsung-galaxy-a21s-64-gb-rom-6-gb-ram-blue-/p/226894
152,Samsung Galaxy A21s ,"64 GB ROM, 6 GB RAM, Black",19999.00,30.0,13999.00,4.2,158,https://www.croma.com/samsung-galaxy-a21s-64-gb-rom-6-gb-ram-black-/p/226895
153,Samsung Galaxy A21s ,"64 GB ROM, 4 GB RAM, Blue",17999.00,16.0,14999.00,4.1,140,https://www.croma.com/samsung-galaxy-a21s-64-gb-rom-4-gb-ram-blue-/p/226891
154,Samsung Galaxy M11 ,"64GB ROM, 4GB RAM, SM-M115FZLEINS, Violet",14999.00,30.0,10499.00,4.2,25,https://www.croma.com/samsung-galaxy-m11-64gb-rom-4gb-ram-sm-m115fzleins-violet-/p/226258
155,Samsung Galaxy M11 ,"64GB ROM, 4GB RAM, SM-M115FZKEINS, Black",14999.00,30.0,10499.00,4.1,28,https://www.croma.com/samsung-galaxy-m11-64gb-rom-4gb-ram-sm-m115fzkeins-black-/p/226257
156,Samsung Galaxy M11 ,"64GB ROM, 4GB RAM, SM-M115FMBEINS, Blue",14999.00,30.0,10499.00,4.3,63,https://www.croma.com/samsung-galaxy-m11-64gb-rom-4gb-ram-sm-m115fmbeins-blue-/p/226256
157,Samsung Galaxy M11 ,"Blue, 32 GB, 3 GB RAM",12999.00,23.0,9999.00,4.2,28,https://www.croma.com/samsung-galaxy-m11-blue-32-gb-3-gb-ram-/p/226253
158,Samsung Galaxy A31 ,"White, 128 GB, 6 GB RAM",23999.00,29.0,16999.00,4.2,43,https://www.croma.com/samsung-galaxy-a31-white-128-gb-6-gb-ram-/p/226191
159,Samsung Galaxy A71 ,"Black, 128 GB, 8 GB RAM",34999.00,27.0,25499.00,4.2,698,https://www.croma.com/samsung-galaxy-a71-black-128-gb-8-gb-ram-/p/224568
160,Samsung Galaxy S20+ ,"Cosmic Black, 128 GB, 8 GB RAM",83000.00,22.0,63994.00,4.5,650,https://www.croma.com/samsung-galaxy-s20+-cosmic-black-128-gb-8-gb-ram-/p/224575
161,Samsung Galaxy A51 ,"Prism Crush Blue, 128 GB, 6 GB RAM",25999.00,25.0,19499.00,4.3,3.37K,https://www.croma.com/samsung-galaxy-a51-prism-crush-blue-128-gb-6-gb-ram-/p/223828
162,Samsung Galaxy A10s ,"Green, 32 GB, 2 GB RAM",10000.00,10.0,8999.00,4.1,61,https://www.croma.com/samsung-galaxy-a10s-green-32-gb-2-gb-ram-/p/223504
163,Samsung Galaxy A50s ,"Prism Crush White, 128 GB, 4 GB RAM",21000.00,11.0,18570.00,3.5,11,https://www.croma.com/samsung-galaxy-a50s-prism-crush-white-128-gb-4-gb-ram-/p/223500
164,Vivo Y20A ,"64GB ROM, 3GB RAM, Dawn White",15490.00,22.0,11990.00,4.6,22,https://www.croma.com/vivo-y20a-64gb-rom-3gb-ram-dawn-white-/p/231590
165,Vivo Y20T ,"64GB ROM, 6GB RAM, PD2093F_IN, Purist Blue",19990.00,22.0,15490.00,0.0,0,https://www.croma.com/vivo-y20t-64gb-rom-6gb-ram-pd2093f-in-purist-blue-/p/244511
166,Vivo Y20T ,"64GB ROM, 6GB RAM, PD2093F_IN, Obsidian Black",19990.00,22.0,15490.00,0.0,0,https://www.croma.com/vivo-y20t-64gb-rom-6gb-ram-pd2093f-in-obsidian-black-/p/244510
167,Vivo Y3s ,"32GB ROM, 2GB RAM, PD2074F_IN, Mint Green",11990.00,20.0,9490.00,0.0,0,https://www.croma.com/vivo-y3s-32gb-rom-2gb-ram-pd2074f-in-mint-green-/p/244505
168,Vivo Y3s ,"32GB ROM, 2GB RAM, PD2074F_IN, Pearl White",11990.00,20.0,9490.00,0.0,0,https://www.croma.com/vivo-y3s-32gb-rom-2gb-ram-pd2074f-in-pearl-white-/p/244504
169,Vivo Y3s ,"32GB ROM, 2GB RAM, PD2074F_IN, Starry Blue",11990.00,20.0,9490.00,0.0,0,https://www.croma.com/vivo-y3s-32gb-rom-2gb-ram-pd2074f-in-starry-blue-/p/244503
170,Vivo X70 Pro+ 5G ,"256GB ROM, 12GB RAM, V2114, Enigma Black",84990.00,5.0,79990.00,5.0,1,https://www.croma.com/vivo-x70-pro+-5g-256gb-rom-12gb-ram-v2114-enigma-black-/p/244201
171,Vivo X70 Pro 5G ,"128GB ROM, 8GB RAM, V2105, Aurora Dawn",51990.00,9.0,46990.00,0.0,0,https://www.croma.com/vivo-x70-pro-5g-128gb-rom-8gb-ram-v2105-aurora-dawn-/p/244200
172,Vivo X70 Pro 5G ,"256GB ROM, 8GB RAM, V2105, Aurora Dawn",54990.00,9.0,49990.00,0.0,0,https://www.croma.com/vivo-x70-pro-5g-256gb-rom-8gb-ram-v2105-aurora-dawn-/p/244198
173,Vivo X70 Pro 5G ,"256GB ROM, 12GB RAM, V2105, Aurora Dawn",57990.00,8.0,52990.00,0.0,0,https://www.croma.com/vivo-x70-pro-5g-256gb-rom-12gb-ram-v2105-aurora-dawn-/p/244196
174,Vivo X70 Pro 5G ,"256GB ROM, 8GB RAM, V2105, Cosmic Black",54990.00,9.0,49990.00,0.0,0,https://www.croma.com/vivo-x70-pro-5g-256gb-rom-8gb-ram-v2105-cosmic-black-/p/244197
175,Vivo Y21 ,"64GB ROM, 4GB RAM, PD2139BF_IN, Diamond Glow",17990.00,22.0,13990.00,4.3,9,https://www.croma.com/vivo-y21-64gb-rom-4gb-ram-pd2139bf-in-diamond-glow-/p/242179
176,Vivo Y21 ,"64GB ROM, 4GB RAM, PD2139BF_IN, Midnight Blue",17990.00,22.0,13990.00,4.8,11,https://www.croma.com/vivo-y21-64gb-rom-4gb-ram-pd2139bf-in-midnight-blue-/p/242178
177,Vivo Y21 ,"128GB ROM, 4GB RAM, PD2139CF_IN, Diamond Glow",19490.00,20.0,15490.00,4.8,12,https://www.croma.com/vivo-y21-128gb-rom-4gb-ram-pd2139cf-in-diamond-glow-/p/242182
178,Vivo Y21 ,"128GB ROM, 4GB RAM, PD2139CF_IN, Midnight Blue",19490.00,20.0,15490.00,3.9,14,https://www.croma.com/vivo-y21-128gb-rom-4gb-ram-pd2139cf-in-midnight-blue-/p/242181
179,Vivo Y33s ,"128GB ROM, 8GB RAM, PD2147DF_IN, Midday Dream",21990.00,13.0,18990.00,4.6,19,https://www.croma.com/vivo-y33s-128gb-rom-8gb-ram-pd2147df-in-midday-dream-/p/242176
180,Vivo Y33s ,"128GB ROM, 8GB RAM, PD2147DF_IN, Mirror Black",21990.00,13.0,18990.00,4.2,13,https://www.croma.com/vivo-y33s-128gb-rom-8gb-ram-pd2147df-in-mirror-black-/p/242175
181,Vivo Y12G ,"32GB ROM, 3GB RAM, PD2060EF_IN, Glacier Blue",13990.00,21.0,10990.00,4.3,3,https://www.croma.com/vivo-y12g-32gb-rom-3gb-ram-pd2060ef-in-glacier-blue-/p/241906
182,Vivo Y12G ,"32GB ROM, 3GB RAM, PD2060EF_IN, Phantom Black",13990.00,21.0,10990.00,5.0,3,https://www.croma.com/vivo-y12g-32gb-rom-3gb-ram-pd2060ef-in-phantom-black-/p/241905
183,Vivo Y12G ,"64GB ROM, 3GB RAM, V2060IF_IN, Glacier Blue",14990.00,20.0,11990.00,5.0,3,https://www.croma.com/vivo-y12g-64gb-rom-3gb-ram-v2060if-in-glacier-blue-/p/241720
184,Vivo Y12G ,"64GB ROM, 3GB RAM, V2060IF_IN, Phantom Black",14990.00,20.0,11990.00,5.0,1,https://www.croma.com/vivo-y12g-64gb-rom-3gb-ram-v2060if-in-phantom-black-/p/241719
185,Vivo Y53s ,"128GB ROM, 8GB RAM, PD2103CF_IN, Deep Sea Blue",22990.00,15.0,19490.00,4.8,5,https://www.croma.com/vivo-y53s-128gb-rom-8gb-ram-pd2103cf-in-deep-sea-blue-/p/240578
186,Vivo Y53s ,"128GB ROM, 8GB RAM, PD2103CF_IN, Fantastic Rainbow",22990.00,15.0,19490.00,5.0,4,https://www.croma.com/vivo-y53s-128gb-rom-8gb-ram-pd2103cf-in-fantastic-rainbow-/p/240579
187,Vivo Y72 5G ,"128GB ROM, 8GB RAM, PD2112F_EX, Prism Magic",24990.00,16.0,20990.00,4.5,18,https://www.croma.com/vivo-y72-5g-128gb-rom-8gb-ram-pd2112f-ex-prism-magic-/p/238735
188,Vivo Y72 5G ,"128GB ROM, 8GB RAM, PD2112F_EX, Slate Grey",24990.00,16.0,20990.00,3.7,6,https://www.croma.com/vivo-y72-5g-128gb-rom-8gb-ram-pd2112f-ex-slate-grey-/p/238734
189,Vivo Y1s ,"32GB ROM, 3GB RAM, PD2014CF_EX, Aurora Blue",11990.00,20.0,9490.00,4.2,9,https://www.croma.com/vivo-y1s-32gb-rom-3gb-ram-pd2014cf-ex-aurora-blue-/p/237897
190,Vivo Y1s ,"32GB ROM, 3GB RAM, PD2014CF_EX, Olive Black",11990.00,20.0,9490.00,4.7,10,https://www.croma.com/vivo-y1s-32gb-rom-3gb-ram-pd2014cf-ex-olive-black-/p/237896
191,Vivo Y51A ,"128GB ROM, 6GB RAM, PD2050KF_IN, Titanium Sapphire",20990.00,19.0,16999.00,4.4,23,https://www.croma.com/vivo-y51a-128gb-rom-6gb-ram-pd2050kf-in-titanium-sapphire-/p/235854
192,Vivo Y51A ,"128GB ROM, 6GB RAM, PD2050KF_IN, Crystal Symphony",20990.00,19.0,16999.00,4.8,14,https://www.croma.com/vivo-y51a-128gb-rom-6gb-ram-pd2050kf-in-crystal-symphony-/p/235855
193,Vivo V21e ,"128GB ROM, 8GB RAM, PD2102BF_IN, Sunset Jazz",27990.00,10.0,24990.00,4.3,35,https://www.croma.com/vivo-v21e-128gb-rom-8gb-ram-pd2102bf-in-sunset-jazz-/p/235454
194,Vivo V21e ,"128GB ROM, 8GB RAM, PD2102BF_IN, Dark Pearl",27990.00,10.0,24990.00,4.3,36,https://www.croma.com/vivo-v21e-128gb-rom-8gb-ram-pd2102bf-in-dark-pearl-/p/235453
195,Vivo Y73 ,"128GB ROM, 8GB RAM, PD2078F_IN, Diamond Flare",24990.00,16.0,20990.00,4.7,55,https://www.croma.com/vivo-y73-128gb-rom-8gb-ram-pd2078f-in-diamond-flare-/p/234749
196,Vivo Y73 ,"128GB ROM, 8GB RAM, PD2078F_IN, Roman Black",24990.00,16.0,20990.00,4.8,14,https://www.croma.com/vivo-y73-128gb-rom-8gb-ram-pd2078f-in-roman-black-/p/234748
197,Vivo V21 ,"256GB ROM, 8GB RAM, PD2083DF_IN, Dusk Blue",35990.00,8.0,32990.00,4.5,11,https://www.croma.com/vivo-v21-256gb-rom-8gb-ram-pd2083df-in-dusk-blue-/p/234074
198,Vivo V21 ,"256GB ROM, 8GB RAM, PD2083DF_IN, Sunset Dazzle",35990.00,8.0,32990.00,4.5,9,https://www.croma.com/vivo-v21-256gb-rom-8gb-ram-pd2083df-in-sunset-dazzle-/p/234075
199,Vivo V21 ,"128GB ROM, 8GB RAM, PD2083BF_IN, Sunset Dazzle",32990.00,9.0,29990.00,4.3,29,https://www.croma.com/vivo-v21-128gb-rom-8gb-ram-pd2083bf-in-sunset-dazzle-/p/234072
200,Vivo V21 ,"128GB ROM, 8GB RAM, PD2083BF_IN, Dusk Blue",32990.00,9.0,29990.00,4.2,16,https://www.croma.com/vivo-v21-128gb-rom-8gb-ram-pd2083bf-in-dusk-blue-/p/234071
201,Vivo V21 ,"128GB ROM, 8GB RAM, PD2083BF_IN, Arctic White",32990.00,9.0,29990.00,4.1,7,https://www.croma.com/vivo-v21-128gb-rom-8gb-ram-pd2083bf-in-arctic-white-/p/234073
202,Vivo X60 Pro ,"256GB ROM, 12GB RAM, PD2959F_IN, Midnight Black",54990.00,9.0,49990.00,4.7,31,https://www.croma.com/vivo-x60-pro-256gb-rom-12gb-ram-pd2959f-in-midnight-black-/p/233764
203,Vivo X60 ,"128GB ROM, 8GB RAM, PD2046F_IN, Shimmer Blue",42990.00,18.0,34990.00,4.8,16,https://www.croma.com/vivo-x60-128gb-rom-8gb-ram-pd2046f-in-shimmer-blue-/p/233763
204,Vivo X60 ,"128GB ROM, 8GB RAM, PD2046F_IN, Midnight Black",42990.00,18.0,34990.00,4.6,6,https://www.croma.com/vivo-x60-128gb-rom-8gb-ram-pd2046f-in-midnight-black-/p/233550
205,Vivo X60 ,"256GB ROM, 12GB RAM, PD2046BF_IN, Shimmer Blue",46990.00,14.0,39990.00,4.9,2,https://www.croma.com/vivo-x60-256gb-rom-12gb-ram-pd2046bf-in-shimmer-blue-/p/233309
206,Vivo X60 Pro ,"256GB ROM, 12GB RAM, PD2959F_IN, Shimmer Blue",54990.00,10.0,48990.00,4.7,28,https://www.croma.com/vivo-x60-pro-256gb-rom-12gb-ram-pd2959f-in-shimmer-blue-/p/233306
207,Vivo Y20G ,"64GB ROM, 4GB RAM, PD2066, Purist Blue",16990.00,17.0,13990.00,4.5,45,https://www.croma.com/vivo-y20g-64gb-rom-4gb-ram-pd2066-purist-blue-/p/232343
208,Vivo Y20G ,"64GB ROM, 4GB RAM, PD2066, Obsidian Black",16990.00,17.0,13990.00,4.6,37,https://www.croma.com/vivo-y20g-64gb-rom-4gb-ram-pd2066-obsidian-black-/p/232342
209,Vivo Y20G ,"128GB ROM, 6GB RAM, PD2066, Obsidian Black",18990.00,15.0,15990.00,4.6,30,https://www.croma.com/vivo-y20g-128gb-rom-6gb-ram-pd2066-obsidian-black-/p/232340
210,Vivo Y51A ,"128GB ROM, 8GB RAM, PD2050_IN, Crystal Symphony",18490.00,2.0,17990.00,4.5,27,https://www.croma.com/vivo-y51a-128gb-rom-8gb-ram-pd2050-in-crystal-symphony-/p/232167
211,Vivo Y51A ,"128GB ROM, 8GB RAM, PD2050_IN, Titanium Sapphire",18490.00,2.0,17990.00,4.7,28,https://www.croma.com/vivo-y51a-128gb-rom-8gb-ram-pd2050-in-titanium-sapphire-/p/232166
212,Vivo Y31 ,"128GB ROM, 6GB RAM, PD2050CF_IN, Ocean Blue",20490.00,19.0,16490.00,4.5,51,https://www.croma.com/vivo-y31-128gb-rom-6gb-ram-pd2050cf-in-ocean-blue-/p/231852
213,Vivo Y12s ,"32GB ROM, 3GB RAM, Glacier Blue",13990.00,21.0,10990.00,4.3,20,https://www.croma.com/vivo-y12s-32gb-rom-3gb-ram-glacier-blue-/p/231593
214,Vivo Y20A ,"64GB ROM, 3GB RAM, Nebula Blue",15490.00,22.0,11990.00,4.4,26,https://www.croma.com/vivo-y20a-64gb-rom-3gb-ram-nebula-blue-/p/231591
215,Vivo Y12s ,"32GB ROM, 3GB RAM, Phantom Black",13990.00,21.0,10990.00,4.6,24,https://www.croma.com/vivo-y12s-32gb-rom-3gb-ram-phantom-black-/p/231592
216,Vivo V20 SE ,"128GB ROM, 8GB RAM, Aquamarine Green",24990.00,20.0,19990.00,4.1,29,https://www.croma.com/vivo-v20-se-128gb-rom-8gb-ram-aquamarine-green-/p/230204
217,Vivo V20 SE ,"128GB ROM, 8GB RAM, Gravity Black",24990.00,20.0,19990.00,4.1,55,https://www.croma.com/vivo-v20-se-128gb-rom-8gb-ram-gravity-black-/p/230203
218,Vivo Y20i ,"64 GB ROM, 3 GB RAM, Dawn White",15490.00,22.0,11990.00,4.6,15,https://www.croma.com/vivo-y20i-64-gb-rom-3-gb-ram-dawn-white-/p/228627
219,Vivo Y20 ,"64GB ROM, 6GB RAM, Purist Blue",17900.00,21.0,13990.00,4.6,8,https://www.croma.com/vivo-y20-64gb-rom-6gb-ram-purist-blue-/p/228625
220,Vivo Y20 ,"64GB ROM, 4GB RAM, Purist Blue",16990.00,26.0,12494.00,4.5,36,https://www.croma.com/vivo-y20-64gb-rom-4gb-ram-purist-blue-/p/228623
221,Vivo Y20 ,"64GB ROM, 6GB RAM, Obsidian Black",17900.00,27.0,12994.00,4.1,8,https://www.croma.com/vivo-y20-64gb-rom-6gb-ram-obsidian-black-/p/228624
222,Vivo Y20 ,"64GB ROM, 4GB RAM, Obsidian Black",16990.00,26.0,12494.00,4.4,41,https://www.croma.com/vivo-y20-64gb-rom-4gb-ram-obsidian-black-/p/228620
223,Vivo X50 ,"Glaze Black, 256 GB, 8 GB RAM",44990.00,15.0,37990.00,4.1,8,https://www.croma.com/vivo-x50-glaze-black-256-gb-8-gb-ram-/p/227342
224,Vivo S1 ,"Skyline Blue, 64 GB, 6 GB RAM",20990.00,14.0,17990.00,3.9,13,https://www.croma.com/vivo-s1-skyline-blue-64-gb-6-gb-ram-/p/221000
225,Vivo Y11 ,"Mineral Blue, 32 GB, 3 GB RAM",9990.00,5.0,9490.00,4.5,56,https://www.croma.com/vivo-y11-mineral-blue-32-gb-3-gb-ram-/p/223218
226,Vivo Y15 ,"Aqua Blue, 64 GB, 4 GB RAM",15990.00,12.0,13994.00,4.7,88,https://www.croma.com/vivo-y15-aqua-blue-64-gb-4-gb-ram-/p/218853
227,OnePlus 9R ,"128GB ROM, 8GB RAM, LE2101, Lake Blue",39999.00,7.0,36999.00,4.5,103,https://www.croma.com/oneplus-9r-128gb-rom-8gb-ram-le2101-lake-blue-/p/233912
228,OnePlus Nord 2 5G ,"256GB ROM, 12GB RAM, DN2101, Grey Sierra",34999.00,,,4.4,113,https://www.croma.com/oneplus-nord-2-5g-256gb-rom-12gb-ram-dn2101-grey-sierra-/p/240338
229,OnePlus Nord 2 5G ,"256GB ROM, 12GB RAM, DN2101, Green Wood",34999.00,,,4.3,48,https://www.croma.com/oneplus-nord-2-5g-256gb-rom-12gb-ram-dn2101-green-wood-/p/240339
230,OnePlus Nord 2 5G ,"128GB ROM, 6GB RAM, DN2101, Blue Haze",27999.00,,,4.6,32,https://www.croma.com/oneplus-nord-2-5g-128gb-rom-6gb-ram-dn2101-blue-haze-/p/240334
231,OnePlus Nord 2 5G ,"128GB ROM, 8GB RAM, DN2101, Grey Sierra",29999.00,,,4.4,83,https://www.croma.com/oneplus-nord-2-5g-128gb-rom-8gb-ram-dn2101-grey-sierra-/p/240337
232,OnePlus Nord 2 5G ,"128GB ROM, 8GB RAM, DN2101, Blue Haze",29999.00,,,4.4,83,https://www.croma.com/oneplus-nord-2-5g-128gb-rom-8gb-ram-dn2101-blue-haze-/p/240335
233,OnePlus Nord 2 5G ,"256GB ROM, 12GB RAM, DN2101, Blue Haze",34999.00,,,4.3,81,https://www.croma.com/oneplus-nord-2-5g-256gb-rom-12gb-ram-dn2101-blue-haze-/p/240336
234,OnePlus Nord CE 5G ,"256GB ROM, 12GB RAM, Silver Ray",27999.00,,,4.2,92,https://www.croma.com/oneplus-nord-ce-5g-256gb-rom-12gb-ram-silver-ray-/p/235155
235,OnePlus Nord CE 5G ,"128GB ROM, 8GB RAM, Blue Void",24999.00,,,4.2,112,https://www.croma.com/oneplus-nord-ce-5g-128gb-rom-8gb-ram-blue-void-/p/235153
236,OnePlus Nord CE 5G ,"256GB ROM, 12GB RAM, Blue Void",27999.00,,,4.2,94,https://www.croma.com/oneplus-nord-ce-5g-256gb-rom-12gb-ram-blue-void-/p/235154
237,OnePlus Nord CE 5G ,"256GB ROM, 12GB RAM, Charcoal Ink",27999.00,,,4.2,78,https://www.croma.com/oneplus-nord-ce-5g-256gb-rom-12gb-ram-charcoal-ink-/p/235152
238,OnePlus Nord CE 5G ,"128GB ROM, 8GB RAM, Charcoal Ink",24999.00,,,4.2,73,https://www.croma.com/oneplus-nord-ce-5g-128gb-rom-8gb-ram-charcoal-ink-/p/235151
239,OnePlus 9R ,"256GB ROM, 12GB RAM, LE2101, Carbon Black",43999.00,6.0,40999.00,4.6,46,https://www.croma.com/oneplus-9r-256gb-rom-12gb-ram-le2101-carbon-black-/p/233911
240,OnePlus 9R ,"256GB ROM, 12GB RAM, LE2101, Lake Blue",43999.00,6.0,40999.00,4.5,45,https://www.croma.com/oneplus-9r-256gb-rom-12gb-ram-le2101-lake-blue-/p/233913
241,OnePlus 9 ,"256GB ROM, 12GB RAM, LE2111, Arctic Sky",54999.00,5.0,51999.00,4.1,39,https://www.croma.com/oneplus-9-256gb-rom-12gb-ram-le2111-arctic-sky-/p/233909
242,OnePlus 9R ,"128GB ROM, 8GB RAM, LE2101, Carbon Black",39999.00,7.0,36999.00,4.5,85,https://www.croma.com/oneplus-9r-128gb-rom-8gb-ram-le2101-carbon-black-/p/233910
243,OnePlus 9 ,"128GB ROM, 8GB RAM, LE2111, Arctic Sky",49999.00,6.0,46999.00,4.3,41,https://www.croma.com/oneplus-9-128gb-rom-8gb-ram-le2111-arctic-sky-/p/233908
244,OnePlus 9 ,"256GB ROM, 12GB RAM, LE2111, Astral Black",54999.00,5.0,51999.00,4.4,51,https://www.croma.com/oneplus-9-256gb-rom-12gb-ram-le2111-astral-black-/p/233907
245,OnePlus 9 ,"128GB ROM, 8GB RAM, LE2111, Astral Black",49999.00,6.0,46999.00,3.4,36,https://www.croma.com/oneplus-9-128gb-rom-8gb-ram-le2111-astral-black-/p/233906
246,OnePlus 9 ,"256GB ROM, 12GB RAM, LE2111, Winter Mist",54999.00,5.0,51999.00,4.4,56,https://www.croma.com/oneplus-9-256gb-rom-12gb-ram-le2111-winter-mist-/p/233905
247,OnePlus 9 Pro ,"128GB ROM, 8GB RAM, LE2121_IN, Pine Green",64999.00,6.0,60999.00,4.7,43,https://www.croma.com/oneplus-9-pro-128gb-rom-8gb-ram-le2121-in-pine-green-/p/233755
248,OnePlus 9 Pro ,"256GB ROM, 12GB RAM, LE2121_IN, Pine Green",69999.00,5.0,65999.00,4.3,69,https://www.croma.com/oneplus-9-pro-256gb-rom-12gb-ram-le2121-in-pine-green-/p/233756
249,OnePlus 9 Pro ,"256GB ROM, 12GB RAM, LE2121_IN, Stellar Black",69999.00,5.0,65999.00,4.5,56,https://www.croma.com/oneplus-9-pro-256gb-rom-12gb-ram-le2121-in-stellar-black-/p/233754
250,OnePlus 9 Pro ,"256GB ROM, 12GB RAM, LE2121_IN, Morning Mist",69999.00,5.0,65999.00,4.5,65,https://www.croma.com/oneplus-9-pro-256gb-rom-12gb-ram-le2121-in-morning-mist-/p/233752
251,OnePlus 9 Pro ,"128GB ROM, 8GB RAM, LE2121_IN, Stellar Black",64999.00,6.0,60999.00,4.0,42,https://www.croma.com/oneplus-9-pro-128gb-rom-8gb-ram-le2121-in-stellar-black-/p/233753
252,OnePlus 9 Pro ,"128GB ROM, 8GB RAM, LE2121_IN, Morning Mist",64999.00,6.0,60999.00,4.2,45,https://www.croma.com/oneplus-9-pro-128gb-rom-8gb-ram-le2121-in-morning-mist-/p/233751
253,OnePlus 8T ,"256GB ROM, 12GB RAM, Aquamarine Green",45999.00,8.0,41999.00,4.5,78,https://www.croma.com/oneplus-8t-256gb-rom-12gb-ram-aquamarine-green-/p/229473
254,OnePlus 8T ,"128GB ROM, 8GB RAM, Aquamarine Green",42999.00,9.0,38999.00,4.6,84,https://www.croma.com/oneplus-8t-128gb-rom-8gb-ram-aquamarine-green-/p/229471
255,Oppo A53s ,"128GB ROM, 8GB RAM, CPH2321, Ink Black",18990.00,10.0,16990.00,4.4,69,https://www.croma.com/oppo-a53s-128gb-rom-8gb-ram-cph2321-ink-black-/p/234467
256,Oppo A55 ,"64GB ROM, 4GB RAM, CPH 2325, Starry Black",18990.00,18.0,15490.00,0.0,1,https://www.croma.com/oppo-a55-64gb-rom-4gb-ram-cph-2325-starry-black-/p/244493
257,Oppo A55 ,"128GB ROM, 6GB RAM, CPH 2325, Starry Black",18999.00,7.0,17490.00,0.0,0,https://www.croma.com/oppo-a55-128gb-rom-6gb-ram-cph-2325-starry-black-/p/244496
258,Oppo A55 ,"128GB ROM, 6GB RAM, CPH 2325, Rainbow Blue",18999.00,7.0,17490.00,4.0,1,https://www.croma.com/oppo-a55-128gb-rom-6gb-ram-cph-2325-rainbow-blue-/p/244495
259,Oppo A55 ,"64GB ROM, 4GB RAM, CPH 2325, Rainbow Blue",18990.00,18.0,15490.00,3.0,2,https://www.croma.com/oppo-a55-64gb-rom-4gb-ram-cph-2325-rainbow-blue-/p/244492
260,Oppo F19s ,"128GB ROM, 6GB RAM, CPH2223, Glowing Gold",22999.00,13.0,19990.00,5.0,2,https://www.croma.com/oppo-f19s-128gb-rom-6gb-ram-cph2223-glowing-gold-/p/243544
261,Oppo F19s ,"128GB ROM, 6GB RAM, CPH2223, Glowing Black",22999.00,13.0,19990.00,4.6,8,https://www.croma.com/oppo-f19s-128gb-rom-6gb-ram-cph2223-glowing-black-/p/243543
262,Oppo A16 ,"64GB ROM, 4GB RAM, CPH2269, Pearl Blue",14999.00,10.0,13490.00,4.5,2,https://www.croma.com/oppo-a16-64gb-rom-4gb-ram-cph2269-pearl-blue-/p/243541
263,Oppo A16 ,"64GB ROM, 4GB RAM, CPH2269, Crystal Black",14999.00,10.0,13490.00,0.0,0,https://www.croma.com/oppo-a16-64gb-rom-4gb-ram-cph2269-crystal-black-/p/243540
264,Oppo Reno 6 5G ,"128GB ROM, 8GB RAM, CPH2251, Aurora",35990.00,16.0,29990.00,4.0,38,https://www.croma.com/oppo-reno-6-5g-128gb-rom-8gb-ram-cph2251-aurora-/p/238811
265,Oppo Reno 6 Pro 5G ,"256GB ROM, 12GB RAM, CPH2249, Stellar Black",46990.00,14.0,39990.00,4.5,19,https://www.croma.com/oppo-reno-6-pro-5g-256gb-rom-12gb-ram-cph2249-stellar-black-/p/238812
266,Oppo Reno 6 Pro 5G ,"256GB ROM, 12GB RAM, CPH2251, Aurora",46990.00,14.0,39990.00,4.4,31,https://www.croma.com/oppo-reno-6-pro-5g-256gb-rom-12gb-ram-cph2251-aurora-/p/238810
267,Oppo Reno 6 5G ,"128GB ROM, 8GB RAM, CPH2251, Stellar Black",35990.00,16.0,29990.00,3.9,38,https://www.croma.com/oppo-reno-6-5g-128gb-rom-8gb-ram-cph2251-stellar-black-/p/238961
268,Oppo A53s ,"128GB ROM, 8GB RAM, CPH2321, Crystal Blue",18990.00,10.0,16990.00,4.3,70,https://www.croma.com/oppo-a53s-128gb-rom-8gb-ram-cph2321-crystal-blue-/p/234468
269,Oppo A74 ,"128GB ROM, 6GB RAM, CPH2263, Fantastic Purple",20990.00,14.0,17990.00,4.4,122,https://www.croma.com/oppo-a74-128gb-rom-6gb-ram-cph2263-fantastic-purple-/p/234266
270,Oppo A74 ,"128GB ROM, 6GB RAM, CPH2263, Fluid Black",20990.00,14.0,17990.00,4.4,120,https://www.croma.com/oppo-a74-128gb-rom-6gb-ram-cph2263-fluid-black-/p/234265
271,Oppo A54 ,"128GB ROM, 6GB RAM, CPH2239, Moonlight Gold",17990.00,5.0,16990.00,4.1,34,https://www.croma.com/oppo-a54-128gb-rom-6gb-ram-cph2239-moonlight-gold-/p/233968
272,Oppo A54 ,"128GB ROM, 6GB RAM, CPH2239, Starry Blue",17990.00,5.0,16990.00,4.4,40,https://www.croma.com/oppo-a54-128gb-rom-6gb-ram-cph2239-starry-blue-/p/233967
273,Oppo A54 ,"128GB ROM, 4GB RAM, CPH2239, Starry Blue",15990.00,,,4.2,39,https://www.croma.com/oppo-a54-128gb-rom-4gb-ram-cph2239-starry-blue-/p/233964
274,Oppo A54 ,"128GB ROM, 6GB RAM, CPH2239, Crystal Black",17990.00,5.0,16990.00,4.4,42,https://www.croma.com/oppo-a54-128gb-rom-6gb-ram-cph2239-crystal-black-/p/233966
275,Oppo A54 ,"128GB ROM, 4GB RAM, CPH2239, Moonlight Gold",15990.00,,,4.1,34,https://www.croma.com/oppo-a54-128gb-rom-4gb-ram-cph2239-moonlight-gold-/p/233965
276,Oppo A54 ,"64GB ROM, 4GB RAM, CPH2239, Starry Blue",14990.00,,,4.3,53,https://www.croma.com/oppo-a54-64gb-rom-4gb-ram-cph2239-starry-blue-/p/233961
277,Oppo A54 ,"128GB ROM, 4GB RAM, CPH2239, Crystal Black",15990.00,,,4.6,35,https://www.croma.com/oppo-a54-128gb-rom-4gb-ram-cph2239-crystal-black-/p/233963
278,Oppo A54 ,"64GB ROM, 4GB RAM, CPH2239, Moonlight Gold",14990.00,,,4.6,35,https://www.croma.com/oppo-a54-64gb-rom-4gb-ram-cph2239-moonlight-gold-/p/233962
279,Oppo A54 ,"64GB ROM, 4GB RAM, CPH2239, Crystal Black",14990.00,,,4.1,63,https://www.croma.com/oppo-a54-64gb-rom-4gb-ram-cph2239-crystal-black-/p/233960
280,Oppo F19 ,"128GB ROM, 6GB RAM, CPH2219, Space Silver",20990.00,4.0,19990.00,0.0,0,https://www.croma.com/oppo-f19-128gb-rom-6gb-ram-cph2219-space-silver-/p/233918
281,Oppo F19 ,"128GB ROM, 6GB RAM, CPH2219, Midnight Blue",20990.00,4.0,19990.00,4.5,28,https://www.croma.com/oppo-f19-128gb-rom-6gb-ram-cph2219-midnight-blue-/p/233917
282,Oppo F19 ,"128GB ROM, 6GB RAM, CPH2219, Prism Black",20990.00,4.0,19990.00,4.2,22,https://www.croma.com/oppo-f19-128gb-rom-6gb-ram-cph2219-prism-black-/p/233916
283,Oppo F19 Pro Plus ,"128GB ROM, 8GB RAM, CPH2213, Space Silver",29990.00,13.0,25990.00,4.6,18,https://www.croma.com/oppo-f19-pro-plus-128gb-rom-8gb-ram-cph2213-space-silver-/p/233068
284,Oppo F19 Pro Plus ,"128GB ROM, 8GB RAM, CPH2213, Fluid Black",29990.00,13.0,25990.00,4.5,43,https://www.croma.com/oppo-f19-pro-plus-128gb-rom-8gb-ram-cph2213-fluid-black-/p/233067
285,Oppo F19 Pro ,"128GB ROM, 8GB RAM, CPH2285, Crystal Silver",23990.00,8.0,21990.00,4.3,16,https://www.croma.com/oppo-f19-pro-128gb-rom-8gb-ram-cph2285-crystal-silver-/p/233066
286,Oppo F19 Pro ,"128GB ROM, 8GB RAM, CPH2285, Fluid Black",23990.00,8.0,21990.00,4.0,42,https://www.croma.com/oppo-f19-pro-128gb-rom-8gb-ram-cph2285-fluid-black-/p/233065
287,Oppo F19 Pro ,"256GB ROM, 8GB RAM, CPH2285, Crystal Silver",23490.00,,,4.2,8,https://www.croma.com/oppo-f19-pro-256gb-rom-8gb-ram-cph2285-crystal-silver-/p/233063
288,Oppo F19 Pro ,"256GB ROM, 8GB RAM, CPH2285, Fluid Black",23490.00,,,4.4,6,https://www.croma.com/oppo-f19-pro-256gb-rom-8gb-ram-cph2285-fluid-black-/p/233062
289,Oppo Reno 5 Pro ,"128GB ROM, 8GB RAM, CPH2201, Astral Blue",38990.00,7.0,35990.00,4.3,44,https://www.croma.com/oppo-reno-5-pro-128gb-rom-8gb-ram-cph2201-astral-blue-/p/231796
290,Oppo A15s ,"64GB ROM, 4GB RAM, CPH2179, Rainbow Silver",13990.00,7.0,12990.00,4.5,2,https://www.croma.com/oppo-a15s-64gb-rom-4gb-ram-cph2179-rainbow-silver-/p/231515
291,Oppo A15s ,"64GB ROM, 4GB RAM, CPH2179, Dynamic Black",13990.00,7.0,12990.00,4.0,36,https://www.croma.com/oppo-a15s-64gb-rom-4gb-ram-cph2179-dynamic-black-/p/231514
292,Oppo A15s ,"64GB ROM, 4GB RAM, CPH2179, Fancy White",13990.00,7.0,12990.00,3.6,24,https://www.croma.com/oppo-a15s-64gb-rom-4gb-ram-cph2179-fancy-white-/p/231527
293,Oppo A15 ,"32GB ROM, 2GB RAM, CPH2185, Mystery Blue",10990.00,13.0,9490.00,4.0,143,https://www.croma.com/oppo-a15-32gb-rom-2gb-ram-cph2185-mystery-blue-/p/230803
294,Oppo A15 ,"32GB ROM, 2GB RAM, CPH2185, Dynamic Black",10990.00,13.0,9490.00,4.0,143,https://www.croma.com/oppo-a15-32gb-rom-2gb-ram-cph2185-dynamic-black-/p/230802
295,Oppo A15 ,"32GB ROM, 3GB RAM, CPH2185, Rainbow Silver",12990.00,15.0,10990.00,4.2,149,https://www.croma.com/oppo-a15-32gb-rom-3gb-ram-cph2185-rainbow-silver-/p/229792
296,Oppo A15 ,"32GB ROM, 3GB RAM, Dynamic Black",12990.00,15.0,10990.00,4.2,166,https://www.croma.com/oppo-a15-32gb-rom-3gb-ram-dynamic-black-/p/229790
297,Oppo A15 ,"32GB ROM, 3GB RAM, Mystery Blue",12990.00,15.0,10990.00,4.1,156,https://www.croma.com/oppo-a15-32gb-rom-3gb-ram-mystery-blue-/p/229791
298,Oppo F17 ,"128GB ROM, 8GB RAM, Navy Blue",22990.00,21.0,17990.00,4.6,8,https://www.croma.com/oppo-f17-128gb-rom-8gb-ram-navy-blue-/p/229011
299,Oppo F17 ,"128GB ROM, 6GB RAM, Dynamic Orange",20990.00,22.0,16294.00,4.5,50,https://www.croma.com/oppo-f17-128gb-rom-6gb-ram-dynamic-orange-/p/229010
300,Oppo A53 ,"64GB ROM, 4GB RAM, CPH2127, Electric Black",15990.00,31.0,10990.00,4.4,142,https://www.croma.com/oppo-a53-64gb-rom-4gb-ram-cph2127-electric-black-/p/228571
301,Oppo F17 Pro ,"128GB ROM, 8GB RAM, 7100000569, Metallic White",25990.00,23.0,19990.00,4.3,18,https://www.croma.com/oppo-f17-pro-128gb-rom-8gb-ram-7100000569-metallic-white-/p/228578
302,Oppo F17 Pro ,"128GB ROM, 8GB RAM, 7100000569, Magic Blue",25990.00,23.0,19990.00,4.2,39,https://www.croma.com/oppo-f17-pro-128gb-rom-8gb-ram-7100000569-magic-blue-/p/228579
303,Oppo F17 Pro ,"128GB ROM, 8GB RAM, 7100000569, Matte Black",25990.00,23.0,19990.00,4.2,32,https://www.croma.com/oppo-f17-pro-128gb-rom-8gb-ram-7100000569-matte-black-/p/228577
304,Oppo A11k ,"32 GB ROM, 2 GB RAM, Flowing Silver",10990.00,18.0,8990.00,4.2,8,https://www.croma.com/oppo-a11k-32-gb-rom-2-gb-ram-flowing-silver-/p/226976
305,Oppo A11k ,"32 GB ROM, 2 GB RAM, Deep Blue",10990.00,18.0,8990.00,4.6,11,https://www.croma.com/oppo-a11k-32-gb-rom-2-gb-ram-deep-blue-/p/226975
306,Realme 8i ,"64GB ROM, 4GB RAM, RMX3151, Space Black",15999.00,12.0,13999.00,4.2,22,https://www.croma.com/realme-8i-64gb-rom-4gb-ram-rmx3151-space-black-/p/243061
307,Realme 8i ,"64GB ROM, 4GB RAM, RMX3151, Space Purple",15999.00,12.0,13999.00,4.7,22,https://www.croma.com/realme-8i-64gb-rom-4gb-ram-rmx3151-space-purple-/p/243060
308,Realme 8i ,"128GB ROM, 6GB RAM, RMX3151, Space Black",17999.00,11.0,15999.00,4.7,22,https://www.croma.com/realme-8i-128gb-rom-6gb-ram-rmx3151-space-black-/p/243059
309,Realme 8s 5G ,"128GB ROM, 6GB RAM, RMX3381, Universe Purple",19999.00,10.0,17999.00,4.5,24,https://www.croma.com/realme-8s-5g-128gb-rom-6gb-ram-rmx3381-universe-purple-/p/243055
310,Realme 8i ,"128GB ROM, 6GB RAM, RMX3151, Space Purple",17999.00,11.0,15999.00,4.7,22,https://www.croma.com/realme-8i-128gb-rom-6gb-ram-rmx3151-space-purple-/p/243058
311,Realme 8s 5G ,"128GB ROM, 6GB RAM, RMX3381, Universe Blue",19999.00,10.0,17999.00,4.7,25,https://www.croma.com/realme-8s-5g-128gb-rom-6gb-ram-rmx3381-universe-blue-/p/243054
312,Realme 8s 5G ,"128GB ROM, 8GB RAM, RMX3381, Universe Blue",21999.00,9.0,19999.00,4.4,21,https://www.croma.com/realme-8s-5g-128gb-rom-8gb-ram-rmx3381-universe-blue-/p/243052
313,Realme C21Y ,"64GB ROM, 4GB RAM, RMX3261, Cross Blue",12999.00,23.0,9999.00,4.0,2,https://www.croma.com/realme-c21y-64gb-rom-4gb-ram-rmx3261-cross-blue-/p/242628
314,Realme C21Y ,"64GB ROM, 4GB RAM, RMX3261, Cross Black",12999.00,23.0,9999.00,0.0,0,https://www.croma.com/realme-c21y-64gb-rom-4gb-ram-rmx3261-cross-black-/p/242627
315,Realme C21Y ,"32GB ROM, 3GB RAM, RMX3261, Cross Blue",10999.00,18.0,8999.00,0.0,0,https://www.croma.com/realme-c21y-32gb-rom-3gb-ram-rmx3261-cross-blue-/p/242626
316,Realme C21Y ,"32GB ROM, 3GB RAM, RMX3261, Cross Black",10999.00,18.0,8999.00,0.0,0,https://www.croma.com/realme-c21y-32gb-rom-3gb-ram-rmx3261-cross-black-/p/242625
317,Realme GT 5G ,"128GB ROM, 8GB RAM, RMX2202, Dashing Silver",39999.00,5.0,37999.00,0.0,0,https://www.croma.com/realme-gt-5g-128gb-rom-8gb-ram-rmx2202-dashing-silver-/p/242446
318,Realme GT 5G ,"128GB ROM, 8GB RAM, RMX2202, Dashing Blue",39999.00,5.0,37999.00,0.0,0,https://www.croma.com/realme-gt-5g-128gb-rom-8gb-ram-rmx2202-dashing-blue-/p/242447
319,Realme C25s ,"64GB ROM, 4GB RAM, RMX3197, Watery Grey",11499.00,4.0,10999.00,0.0,0,https://www.croma.com/realme-c25s-64gb-rom-4gb-ram-rmx3197-watery-grey-/p/241207
320,Realme C25s ,"64GB ROM, 4GB RAM, RMX3197, Watery Blue",11499.00,4.0,10999.00,0.0,0,https://www.croma.com/realme-c25s-64gb-rom-4gb-ram-rmx3197-watery-blue-/p/241206
321,Realme C25s ,"128GB ROM, 4GB RAM, RMX3197, Watery Blue",12999.00,7.0,11999.00,5.0,2,https://www.croma.com/realme-c25s-128gb-rom-4gb-ram-rmx3197-watery-blue-/p/241204
322,Realme C25s ,"128GB ROM, 4GB RAM, RMX3197, Watery Grey",12999.00,7.0,11999.00,4.7,6,https://www.croma.com/realme-c25s-128gb-rom-4gb-ram-rmx3197-watery-grey-/p/241205
323,Realme C11 2021 ,"32GB ROM, 2GB RAM, RMX3231, Cool Grey",8799.00,17.0,7299.00,5.0,9,https://www.croma.com/realme-c11-2021-32gb-rom-2gb-ram-rmx3231-cool-grey-/p/234902
324,Realme 8 ,"128GB ROM, 6GB RAM, RMX3085, Cyber Silver",17999.00,5.0,16999.00,4.5,35,https://www.croma.com/realme-8-128gb-rom-6gb-ram-rmx3085-cyber-silver-/p/233971
325,Realme 8 ,"128GB ROM, 8GB RAM, RMX3085, Cyber Black",18999.00,5.0,17999.00,4.2,24,https://www.croma.com/realme-8-128gb-rom-8gb-ram-rmx3085-cyber-black-/p/233653
326,Realme 7 ,"64GB ROM, 6GB RAM, RMX2151, Mist White",17999.00,16.0,14999.00,4.4,44,https://www.croma.com/realme-7-64gb-rom-6gb-ram-rmx2151-mist-white-/p/228912
327,Nokia G10 ,"64GB ROM, 4GB RAM, Dusk",13999.00,13.0,12149.00,3.9,42,https://www.croma.com/nokia-g10-64gb-rom-4gb-ram-dusk-/p/243366
328,Nokia G10 ,"64GB ROM, 4GB RAM, Night",13999.00,13.0,12149.00,3.9,42,https://www.croma.com/nokia-g10-64gb-rom-4gb-ram-night-/p/243365
329,Nokia C01 Plus ,"16GB ROM, 2GB RAM, Grey",6999.00,11.0,6199.00,4.1,60,https://www.croma.com/nokia-c01-plus-16gb-rom-2gb-ram-grey-/p/243364
330,Nokia C01 Plus ,"16GB ROM, 2GB RAM, Blue",6999.00,11.0,6199.00,4.1,59,https://www.croma.com/nokia-c01-plus-16gb-rom-2gb-ram-blue-/p/243363
331,Nokia G20 ,"64GB ROM, 4GB RAM, 7.19901E+11, Glacier",14999.00,10.0,13499.00,4.5,77,https://www.croma.com/nokia-g20-64gb-rom-4gb-ram-7-19901e+11-glacier-/p/243027
332,Nokia G20 ,"64GB ROM, 4GB RAM, 7.19901E+11, Night",14999.00,10.0,13499.00,4.0,76,https://www.croma.com/nokia-g20-64gb-rom-4gb-ram-7-19901e+11-night-/p/243026
333,Nokia C20 Plus ,"32GB ROM, 3GB RAM, SP01Z01Z2743Y, Blue",11099.00,14.0,9499.00,0.0,0,https://www.croma.com/nokia-c20-plus-32gb-rom-3gb-ram-sp01z01z2743y-blue-/p/243023
334,Nokia C20 Plus ,"32GB ROM, 3GB RAM, SP01Z01Z2743Y, Grey",11099.00,14.0,9499.00,0.0,0,https://www.croma.com/nokia-c20-plus-32gb-rom-3gb-ram-sp01z01z2743y-grey-/p/243024
335,Nokia C20 Plus ,"32GB ROM, 2GB RAM, SP01Z01Z2741Y, Grey",10499.00,19.0,8499.00,5.0,1,https://www.croma.com/nokia-c20-plus-32gb-rom-2gb-ram-sp01z01z2741y-grey-/p/243022
336,Nokia C20 Plus ,"32GB ROM, 2GB RAM, SP01Z01Z2742Y, Blue",10499.00,19.0,8499.00,1.5,2,https://www.croma.com/nokia-c20-plus-32gb-rom-2gb-ram-sp01z01z2742y-blue-/p/243021
337,Nokia 5.4 ,"64GB ROM, 6GB RAM, HQ5020M514000, Polar Night",18499.00,21.0,14499.00,3.9,174,https://www.croma.com/nokia-5-4-64gb-rom-6gb-ram-hq5020m514000-polar-night-/p/233803
338,Nokia 5.4 ,"64GB ROM, 6GB RAM, HQ5020M522000, Dusk",18499.00,21.0,14499.00,4.4,168,https://www.croma.com/nokia-5-4-64gb-rom-6gb-ram-hq5020m522000-dusk-/p/233802
339,Nokia 5.4 ,"64GB ROM, 4GB RAM, HQ5020M517000, Dusk",16799.00,22.0,12999.00,3.5,173,https://www.croma.com/nokia-5-4-64gb-rom-4gb-ram-hq5020m517000-dusk-/p/233800
340,Nokia 5.4 ,"64GB ROM, 4GB RAM, HQ5020M520000, Polar Night",16799.00,22.0,12999.00,3.9,171,https://www.croma.com/nokia-5-4-64gb-rom-4gb-ram-hq5020m520000-polar-night-/p/233801
341,Nokia 3.4 ,"64GB ROM. 4GB RAM, TA-1288, Fjord",11999.00,4.0,11499.00,3.8,185,https://www.croma.com/nokia-3-4-64gb-rom-4gb-ram-ta-1288-fjord-/p/232729
342,Nokia 3.4 ,"64GB ROM. 4GB RAM, TA-1288, Dusk",11999.00,8.0,10999.00,4.4,182,https://www.croma.com/nokia-3-4-64gb-rom-4gb-ram-ta-1288-dusk-/p/232728
343,Nokia 2.4 ,"64GB ROM, 3GB RAM, 719901129431, Fjord",11999.00,13.0,10399.00,4.1,319,https://www.croma.com/nokia-2-4-64gb-rom-3gb-ram-719901129431-fjord-/p/231273
344,Nokia 2.4 ,"64GB ROM, 3GB RAM, 719901129411, Charcoal",11999.00,13.0,10399.00,4.5,325,https://www.croma.com/nokia-2-4-64gb-rom-3gb-ram-719901129411-charcoal-/p/231271
345,Nokia C3 ,"32GB ROM, 3GB RAM, SP01Z01Z2428Y, Nordic Blue",9999.00,20.0,7999.00,3.8,42,https://www.croma.com/nokia-c3-32gb-rom-3gb-ram-sp01z01z2428y-nordic-blue-/p/229076
346,Nokia C3 ,"16GB ROM, 2GB RAM, SP01Z01Z2250Y, Sand",8499.00,17.0,6999.00,3.6,38,https://www.croma.com/nokia-c3-16gb-rom-2gb-ram-sp01z01z2250y-sand-/p/229075
347,Nokia C3 ,"16GB ROM, 2GB RAM, SP01Z01Z2249Y, Nordic Blue",8499.00,17.0,6999.00,4.1,40,https://www.croma.com/nokia-c3-16gb-rom-2gb-ram-sp01z01z2249y-nordic-blue-/p/229074
